id	name	code	map	posX	posY	direct	script	chat			
*SceneNpc	人物名称	人物编号	地图编号	X坐标	Y坐标	朝向	脚本	聊天对话			
1001001	驿站老板	3307	1001	277	40	1	Transfer				
1001002	比武大会主持人	3063	1001	111	111	0					
1001003	二宝	3029	1001	493	191	1		"[""小喜鹊，尾巴长，娶了媳妇忘了娘……"",""来和我一起玩好不好。"",""我和哥哥弟弟玩捉迷藏，你要是看到他们告诉我一下#51"",""叔叔阿姨我们来玩丢沙包吧！""]"			
1001004	盘乾坤	3044	1001	443	190	1					
1001005	墨家小子	3096	1001	437	187	2					
1001006	孙小三	3019	1001	410	217	0					
1001007	袁天罡	3100	1001	357	245	0		"[""新人可以找王夫人领取新手任务赚点钱和经验，或者到大雁塔里打怪升级，还能获得些初期的装备。"",""天台的边上就是大雁塔，里面镇着十万妖魔，是四十级前玩家升级打怪的好去处。"",""长安城热闹非凡，这里聚集了三教九流。大唐官府和化生寺就在附近，想拜师的人族玩家可以去参观一下。"",""观星象而知天下大事。谁愿与老夫前往观星楼观星论天下？"",""称骨算命之术玄妙至极，我是不会泄露半点天机的#76""]"			
1001008	孟大娘	3017	1001	318	74	0					
1001009	穷汉	3034	1001	304	53	0		"[""昨儿晚上梦见吃饼，那饼有脸盆一般大，门板一样厚。"",""走过的，路过的，贵人老爷们，赏叫花子几个钱吧。"",""行个方便吧，我已经几天没吃饭了。"",""叫花子命苦，行行好吧。"",""想当初我也是阔绰一时，野外地下赌庄真是害死人啊！#15"",""穷人头上两把刀，租子重，利钱高，夹在当中吃不消。""]"			
1001010	怜儿姑娘	3028	1001	277	104	0		"[""来往长安的客商越来越多，京城也越发热闹了。"",""苏梦梦和马货商是长安城内的流动商人，每隔一段时间位置会发生变化。"",""长安的武器店、饰品店和服装店出售0级和20级的装备武器，10级的要到建邺购买。"",""突厥奸细经常会伪装成外地客商来长安城刺探军情，少侠你可要多加留意。""]"			
1001011	张老财	3026	1001	250	27	0		"[""唉，现在是钱多的想花都花不出去，还一天到晚涨利息。这不是叫人把钱砸手里吗？"",""好心借钱给别人，他们却说我放高利贷……"",""我府上光是扫地的仆人就有几十个。"",""没事我也染个发去，不就十几万银子嘛，我有的是钱。"",""平日里多逛逛街，常会遇到些物美价廉的东西#89"",""那边的威震天真是个大嗓门，得想办法管管他#54""]"			
1001012	袁守城	3056	1001	173	14	1		"[""我看少侠相貌奇秀，定是早有福星常照命，任君行去百般成。"",""贫道拿手的是“称骨测命”，这位朋友想不想测测吉凶？"",""万事自有定数，功过自在人心。"",""依老夫推算，明日辰时布云，巳时发雷，午时下雨，未时雨足，共得水三尺三寸零四十八点。"",""那降雨的泾河龙王私改时辰，克扣雨量，犯了天条，真是死得其所啊！""]"			
1001013	龙孙	3164	1001	170	12	3		"[""我爷爷只不过改了下雨的时辰点数就被斩首了，真不甘心！"",""我要用袁守诚的人头祭祀我爷爷。"",""我一定要练好神龙摆尾之术，誓为爷爷报仇！""]"			
1001014	大宝	3029	1001	144	4	0		"[""小麻雀，叫喳喳……"",""来和我一起玩好不好，我和两个弟弟玩捉迷藏，帮我找找他们#43"",""陪我去城外玩嘛……"",""叔叔阿姨你们有弹弓么？""]"			
1001015	陈员外	3027	1001	164	35	2		"[""这位朋友来京城做生意吗，做生意的方式很多，可以摆摊或者开店，开店的话可以找当铺门口的商会总管申请。"",""不知道如何赚钱吗？找花香香做做赏金任务或者王夫人的新手任务能帮你赚到长安的第一桶金。想开店的话可以找当铺门口的商会总管申请。"",""现在是太平盛世，来往客商越来越多，京城也越发的热闹了。你也来做生意的吗，开店的话可以找当铺门口的商会总管申请。"",""这位少侠，可否替老夫捎一封书信给长寿村的凤凰姑娘#17？""]"			
1001016	刘副将	3038	1001	158	90	0		"[""听人说大唐官府的程咬金将军在广招徒弟，不知道谁能有幸拜在他的门下。大唐官府的入口在长安天台的后面。"",""好男儿应当入我军营，为国效力。"",""化生寺的空度禅师也在招收徒弟，有兴趣的可以去试试。化生寺的入口在长安大雁塔后面。"",""秦琼将军掌管着点卡寄售处，如有需要随时可以去秦府后院看看#40""]"			
1001017	御林军左统领	2048	1001	102	226	0					
1001018	御林军右统领	2048	1001	110	230	0					
1001019	金银锁	2011	1001	196	255	1					
1001020	赵美人	3061	1001	5	146	0		"[""伴君如伴虎，文武百官，后宫嫔妃，莫不如此。"",""皇上已经好几天睡不好觉了，都是被那个什么鬼闹的。"",""锦绣衣裳白玉楼，最繁华时最忧愁。谁又能理解我现在的心情#14"",""自从服用了西域珍馐红罗羹，气色好了，烦恼也没了，让我的美由内而外的散发出来！"",""自古红颜多薄命，我也会如此么#52""]"			
1001021	少府监	3306	1001	160	12	0					
1001022	马货商	3009	1001	100	32	1					
1001023	苏梦梦	3019	1001	149	17	1					
1001024	点卡交易公证员	3008	1001	48	103	0					
1001025	点卡交易公证员	3008	1001	37	97	0					
1001026	长安真品商人	3017	1001	174	30	1					
1001027	拍卖保管员	3013	1001	214	13	0					
1001028	罗道人	3045	1001	257	40	0	ShopLDR				
1001029	商会总管	3027	1001	326	18	0					
1001030	装备收购商	3018	1001	459	16	0					
1001031	装备鉴定商	3018	1001	437	55	1	ZBJDS				
1001032	长安商人	3001	1001	299	111	0					
1001033	长安特产商人	3004	1001	235	86	1					
1001034	兰虎	3011	1001	433	108	1					
1001035	货郎李	3017	1001	461	78	0					
1001036	宝石商人	3004	1001	499	141	1	ShopBSSR				
1001037	红线童子	3029	1001	445	142	1		"[""月老爷爷最喜欢看到有情人终成眷属。"",""自从来长安帮月老爷爷开拓新业务后，都很少有时间去女儿村找绿儿玩了。"",""嘻嘻，你是不是喜欢上哪个人了，告诉我我可以帮你哦#2"",""千里姻缘一线牵，打一字。如果猜中，少侠就一定能得到你的意中人，嘻嘻#86"",""大人们的感情还真像那纠缠不清的丝线，剪不断理还乱，哎！""]"			
1001038	鱼市收购商	3018	1001	447	168	1					
1001039	长安货商	3005	1001	395	171	1					
1001040	流浪艺人	3017	1001	391	205	0					
1001041	泡泡使者	2004	1001	393	214	0					
1001042	苏梦梦	3019	1001	431	231	1					
1001043	装备收购商	3018	1001	458	201	0					
1001044	装备鉴定商	3018	1001	419	248	0	ZBJDS				
1001045	牌中仙	3008	1001	490	230	0					
1001046	牌中圣	2001	1001	482	211	1					
1001047	驯兽艺人	3011	1001	444	220	1					
1001048	时事通	3022	1001	375	230	0					
1001049	仓库管理员	3027	1001	346	244	0					
1001050	帮派主管	3011	1001	384	270	0					
1001051	牌中杰	2001	1001	450	193	2					
1001052	贸易车队总管	3026	1001	422	182	1					
1001053	轿夫	3003	1001	521	129	0					
1001054	喜轿班头	3003	1001	470	138	1					
1001055	月老	3067	1001	434	139	0					
1001056	仙符道人	3046	1001	487	78	1					
1001057	王夫人	3020	1001	387	49	1					
1001058	大唐驿使	3038	1001	334	105	1					
1001059	房都尉	3038	1001	376	72	0					
1001060	圣山传送	3056	1001	350	73	1					
1001061	场地效果师	3019	1001	334	75	0					
1001062	五行大师	3047	1001	355	115	0					
1001063	帮派主持人	3063	1001	377	118	1					
1001064	拜师收徒介绍人	3008	1001	476	34	1					
1001065	门派传送人	3015	1001	480	29	1	MPCSR				
1001066	长安导游	3022	1001	463	21	0		"[""这里就是大唐的国都：长安城。皇宫门口可以找马副将领取双倍时间，领取后的时间内打怪经验翻倍。每星期的双倍时间是有限的，可别浪费了哦#2。新玩家一开始如果不知道怎么赚钱可以去铁匠铺或者布店打工。"",""长安很大，小心别迷了路。建议先打开小地图了解一下长安的布局，大部分的建筑上都标有简写文字标示该建筑的名称。新玩家一开始如果不知道怎么赚钱可以去铁匠铺或者布店打工，或者找留香阁对面的花香香领取赏金任务赚钱。"",""苏梦梦和马货商是长安城内的流动商人，每隔一段时间位置会发生变化。新玩家一开始如果不知道怎么赚钱可以去铁匠铺或者布店打工，或者找留香阁对面的花香香领取赏金任务赚钱。"",""大唐官府和化生寺的入口在大雁塔附近，想去其他门派拜师可以先向门派传送人或者长安导游了解一下再决定。新玩家一开始如果不知道怎么赚钱可以去铁匠铺或者布店打工。或者找布店右边的王夫人领取新手任务赚钱。"",""长安欢迎你，为你敞开天地!这位少侠如果是初次来到长安，可以找我做导游，免费的#17"",""您好，我是大唐旅行社的导游，接下来您将进入大唐首都--繁华的长安城。现在，就让我来给您介绍一下吧。""]"			
1001067	三界包打听	3008	1001	312	21	1					
1001068	花香香	2012	1001	299	27	1					
1001069	老花农	3025	1001	292	28	1					
1001070	配色师	3017	1001	288	17	0	COLORIST	"[""少侠有没有兴趣改变下自己的造型，也许会有不同的效果哦~#2"",""配色既要考虑季节，又要考虑色彩与季节的搭配，可真是个技术活啊。"",""爱美之心人皆有之。花豆彩果颜灵果，淡妆浓抹总相宜#86""]"			
1001071	染坊房主	3006	1001	278	10	0					
1001072	梦幻祝福使者	3006	1001	252	47	0					
1001073	贸易车队总管	3026	1001	271	44	1					
1001074	袁天罡之徒	3044	1001	165	14	1					
1001075	王捕头	3032	1001	38	60	0		"[""现在是太平盛世，百姓安居乐业，少有作奸犯科之人。"",""人族的种族任务找衙门里的捕头李领取。"",""恶意PK会受到系统的惩罚哦#2"",""阴德若是低于100，会在平时战斗中受到五雷轰顶的天罚哦！"",""人气低于500就会被官府列入通缉名单，如果被成功捉拿，将会被投入看守所！#76""]"			
1001076	建房吏	3032	1001	28	66	0		"[""最近来告状的人好象越来越多了。人族的种族任务找衙门里的李捕头领取。"",""衙门禁地，闲杂人等不得入内。人族的种族任务找衙门里的李捕头领取。"",""人气低于500会被三界通缉哦。""]"			
1001077	游方车夫	3307	1001	172	93	0					
1001078	帮派活动接引人	3063	1001	276	118	0					
1001079	棋童	3044	1001	318	127	1					
1001080	小宝	3029	1001	311	121	1		"[""我和两个哥哥玩捉迷藏，他们不知道躲哪去了，呜呜呜#52"",""清清小河塘，鱼儿排成行……"",""来和我一起玩好不好。"",""叔叔阿姨我想吃糖葫芦#17""]"			
1001081	在线购卡使者	3038	1001	205	126	0					
1001082	节日礼物使者	2001	1001	208	128	0					
1001083	仓库管理员	3027	1001	224	141	0					
1001084	护卫总管	2048	1001	176	165	0					
1001085	百晓星君	3051	1001	172	172	0					
1001086	万事通	3008	1001	232	178	0					
1001087	时事通	3022	1001	230	174	0					
1001088	皇宫护卫	2048	1001	210	182	0		"[""我虽然没有御林军高大威猛，但也算是身强体壮了。可以找边门的总管大人雇佣护卫保护玩家的安全。"",""整天站岗我都烦了，我也渴望过点冒险刺激的生活，有谁愿意雇佣我呢？想雇佣我的人请找边门的总管大人。"",""皇宫是我家，安全靠大家#43"",""可别小看我们哦，当年我们也是跟着皇上从死人堆里爬出来的。""]"			
1001089	马副将	3084	1001	193	174	0					
1001090	帮派联赛主持人	3063	1001	155	209	1					
1001091	御林军	3084	1001	157	198	0		"[""皇宫禁地，闲杂人等不得入内！"",""这里是天子脚下，太平得很。"",""当今圣上英明，国泰民安。"",""若要在此喧闹，别怪我不客气！""]"			
1001092	御林军	3084	1001	142	191	0		"[""皇宫禁地，闲杂人等不得入内！"",""这里是天子脚下，太平得很。"",""当今圣上英明，国泰民安。"",""若要在此喧闹，别怪我不客气！""]"			
1001093	御林军	3084	1001	126	204	0		"[""皇宫禁地，闲杂人等不得入内！"",""这里是天子脚下，太平得很。"",""当今圣上英明，国泰民安。"",""若要在此喧闹，别怪我不客气！""]"			
1001094	御林军	3084	1001	137	210	0		"[""皇宫禁地，闲杂人等不得入内！"",""这里是天子脚下，太平得很。"",""当今圣上英明，国泰民安。"",""若要在此喧闹，别怪我不客气！""]"			
1001095	御林军	3084	1001	112	214	0		"[""皇宫禁地，闲杂人等不得入内！"",""这里是天子脚下，太平得很。"",""当今圣上英明，国泰民安。"",""若要在此喧闹，别怪我不客气！""]"			
1001096	御林军	3084	1001	125	220	0		"[""皇宫禁地，闲杂人等不得入内！"",""这里是天子脚下，太平得很。"",""当今圣上英明，国泰民安。"",""若要在此喧闹，别怪我不客气！""]"			
1001097	李将军	3084	1001	161	189	0					
1001098	副本官员	3035	1001	148	184	0					
1001099	戴胄	3035	1001	138	178	0					
1001100	赏善罚恶	3084	1001	121	190	0					
1001101	玄云道人	3062	1001	226	238	0					
1001102	道具剧情NPC	2059	1001	204	251	1					
1001103	国子监祭酒	3008	1001	322	198	0					
1001104	国子监司业	3008	1001	326	200	1					
1001105	国子监监丞	3035	1001	308	199	0					
1001106	云游仙人	3046	1001	266	184	0					
1001107	蒋大全	3011	1001	368	272	1		"[""如今的长安城越来越热闹了。"",""凡事和为贵，要发动帮派战争可一定要三思啊！"",""帮派战争绝非解决纷争的唯一手段!""]"			
1001108	帮派接引人	3011	1001	513	225	1					
1001109	社区车夫	3032	1001	477	134	0					
1001110	苏小小	3019	1001	424	61	1					
1001111	杜少海	3021	1001	407	66	1					
1001112	时事通	3022	1001	393	73	1					
1001113	受烟花的兔子	2001	1001	382	75	0					
1001114	烟花占卜师	3318	1001	371	70	0					
1001115	登记使者	3008	1001	300	50	0					
1001116	时事通	3022	1001	308	23	1					
1001117	威震天	3011	1001	232	19	0		"[""一个人行走江湖太危险了，最好有个帮派。"",""帮派无分大小，重要的是要团结。"",""最近帮里发现了帮派迷宫，叫上帮里的好友一起去寻宝吧#89"",""管好帮派的关键在于人心啊。""]"			
1001118	仙符道人	3046	1001	91	9	1					
1001119	长安导游	3022	1001	12	8	1		"[""这里就是大唐的国都：长安城。皇宫门口可以找马副将领取双倍时间，领取后的时间内打怪经验翻倍。每星期的双倍时间是有限的，可别浪费了哦#2。新玩家一开始如果不知道怎么赚钱可以去铁匠铺或者布店打工。"",""长安很大，小心别迷了路。建议先打开小地图了解一下长安的布局，大部分的建筑上都标有简写文字标示该建筑的名称。新玩家一开始如果不知道怎么赚钱可以去铁匠铺或者布店打工，或者找留香阁对面的花香香领取赏金任务赚钱。"",""苏梦梦和马货商是长安城内的流动商人，每隔一段时间位置会发生变化。新玩家一开始如果不知道怎么赚钱可以去铁匠铺或者布店打工，或者找留香阁对面的花香香领取赏金任务赚钱。"",""大唐官府和化生寺的入口在大雁塔附近，想去其他门派拜师可以先向门派传送人或者长安导游了解一下再决定。新玩家一开始如果不知道怎么赚钱可以去铁匠铺或者布店打工。或者找布店右边的王夫人领取新手任务赚钱。"",""长安欢迎你，为你敞开天地!这位少侠如果是初次来到长安，可以找我做导游，免费的#17"",""您好，我是大唐旅行社的导游，接下来您将进入大唐首都--繁华的长安城。现在，就让我来给您介绍一下吧。""]"			
1001120	在线提醒设置人	2024	1001	44	99	0					
1001121	点卡交易公证员	3008	1001	43	110	0					
1001122	点卡交易公证员	3008	1001	26	101	0					
1001123	点卡交易公证员	3008	1001	32	92	3					
1001124	点卡交易公证员	3008	1001	61	107	1					
1001125	太和殿土地	3070	1001	139	107	1					
1001126	功夫熊猫	2016	1001	148	102	1					
1001127	相府守卫	2048	1001	177	112	0		"[""相府禁地，闲杂人等不得入内。"",""殷相爷正在休息，没事别在这晃。"",""这里是天子脚下，太平得很。"",""殷小姐出嫁时日已久，也不见回来，可想死老爷和太太了。""]"			
1001128	相府守卫	2048	1001	186	117	0		"[""相府禁地，闲杂人等不得入内。"",""殷相爷正在休息，没事别在这晃。"",""这里是天子脚下，太平得很。"",""殷小姐出嫁时日已久，也不见回来，可想死老爷和太太了。""]"			
1001129	秦府守卫	2048	1001	113	70	0		"[""府衙禁地，闲杂人等不得入内。"",""我们老爷是大唐的开国功臣！"",""这里是天子脚下，太平得很。"",""我们家老爷是凌烟阁二十四功臣之一。"",""交易点卡者，进步左拐直走。""]"			
1001130	秦府守卫	2048	1001	106	67	0		"[""府衙禁地，闲杂人等不得入内。"",""我们老爷是大唐的开国功臣！"",""这里是天子脚下，太平得很。"",""我们家老爷是凌烟阁二十四功臣之一。"",""交易点卡者，进步左拐直走。""]"			
1001131	三界洞天使者	3044	1001	347	143	0					
1001132	追忆前缘追梦大使	4032	1001	211	129	0					
1001133	月宫仙子	3061	1001	225	122	1					
1001134	丰收老夫子	3067	1001	230	120	1					
1001135	三界包打听	3008	1001	195	158	0					
1001136	御林军	3038	1001	194	169	0		"[""皇宫禁地，闲杂人等不得入内！"",""这里是天子脚下，太平得很。"",""当今圣上英明，国泰民安。"",""若要在此喧闹，别怪我不客气！""]"			
1001137	御林军	3038	1001	202	173	0		"[""皇宫禁地，闲杂人等不得入内！"",""这里是天子脚下，太平得很。"",""当今圣上英明，国泰民安。"",""若要在此喧闹，别怪我不客气！""]"			
1001138	团队和约担保人	3038	1001	244	170	1					
1001139	琵琶胡姬	2163	1001	150	190	0					
1001140	土地交易员	3027	1001	108	184	0					
1001141	转服使者	3022	1001	44	207	1					
1001142	百晓星君	3042	1001	222	172	0					
1001143	超级泡泡使者	2005	1001	397	216	0					
1001144	超级神牛使者	2110	1001	391	224	0					
1001145	超级熊猫使者	2016	1001	385	221	0					
1001146	超级神虎使者	2008	1001	382	228	0					
1001147	超级神兔使者	2132	1001	398	237	0					
1001148	超级神蛇使者	2175	1001	385	238	0					
1001149	超级令狐使者	2031	1001	363	226	0					
1001150	超级孔雀使者	2032	1001	362	219	0					
1001151	超级筋斗云使者	2021	1001	356	222	0					
1001152	超级神猴使者	2018	1001	350	225	0					
1001153	超级海豚使者	2131	1001	357	230	0					
1001154	超级白泽使者	2601	1001	352	232	0					
1001155	超级灵鹿使者	2100	1001	346	228	0					
1001156	超级赤炎兽使者	2108	1001	347	234	0					
1001157	超级大鹏使者	2109	1001	340	231	0					
1001158	超级人参娃娃使者	2019	1001	336	234	0					
1001159	超级大象使者	2020	1001	341	236	0					
1001160	梦幻大富翁	3070	1001	456	196	2					
1001161	包装师	3008	1001	437	128	0					
1001162	华山接引人	3045	1001	390	95	1					
1001163	PK争霸赛大师	3063	1001	385	97	1					
1001164	百晓生	3022	1001	480	81	1					
1001165	超级巫医	3001	1001	528	188	1	CJWY				
1001166	股票交易员	3027	1001	508	195	1					
1001167	外挂举报管	3038	1001	468	220	0					
1002001	疥癞和尚	3049	1002	32	15	1		"[""阿弥陀佛，想放生的找空善大师，就在我右边过去点。想拜师的请到后面的藏经阁找空度禅师，想捐人气的请到寺后的碑林找空慈方丈，顺便告诉你一句：金山寺的法明长老最近到我们寺来了，刚刚看到他进大雄宝殿了。"",""生亦何哀，死亦何苦。施主是来上香的吗，有什么需要帮助的请找慧字辈的小和尚们吧，他们都在寺里各处忙活着。"",""空即是色，色即是空，施主你明白了没有？""]"			
1002002	慧海	3049	1002	47	36	1		"[""苦海无边，回头是岸。"",""得即是失，失即是得，世事本是过眼烟云，不必太过看重。"",""不可说，不可说。"",""无色无相，无嗔无狂。""]"			
1002003	接引僧	3049	1002	63	28	1	MPCACSR				
1002004	慧悲	3049	1002	16	46	2		"[""方丈又去碑林里净修了。"",""不知道我什么时候才能熬到住持的位置。"",""化瘀，还是疗伤？这是个问题。"",""大悲无泪，大悟无言，大笑无声。""]"			
1002005	空善大师	3047	1002	58	9	2					
1002006	慧静	3049	1002	115	51	1		"[""心静则万事静，心清则万事清。"",""这位施主是来拜师学艺的吗？请到藏经阁找空度禅师。"",""谁能告诉我小乘佛法与大乘佛法到底有何差异#47？"",""宁静而致远。""]"			
1002007	空慈方丈	3047	1002	118	81	0					
1013001	钱庄老板	3004	1013	25	15	1		"[""银两带在身上会有强盗打劫，还是存在钱庄里保险。身上携带的金钱以及钱庄所存银两上限与人物等级有着密切的关联。等级越高，能携带及存入的金钱数就越高。如果在线时携带的金钱数或者钱庄的存款数量超过等级限制，下线后会被系统扣除的哦#2"",""存钱无息，但是可以保值嘛。如果在线时携带的金钱数或者钱庄的存款数量超过等级限制，下线后会被系统扣除的哦#2"",""现在有钱的人越来越多了。如果在线时携带的金钱数或者钱庄的存款数量超过等级限制，下线后会被系统扣除的哦#2"",""钱乃身外之物。多余的银两放我这里就对了，我们为您提供了多种存取方式！"",""本钱庄是连锁经营，为给各位寻个方便，在建邺城、傲来国和长寿村还各设有一家分店。不同的地点，为你提供同样优质的服务！#39""]"			
1014001	当铺老板	3005	1014	10	12	0		"[""客官有什么放不下的东西，就当在这里好了，比如衣服啊帽子啊珍珠翡翠月光宝盒什么的。典当和赎回的价格可不一样哦#2"",""什么是当当当当当？就是当你要当东西的时候当然要当给我,典当和赎回的价格可不一样哦#2"",""手头紧的话，可以把东西先当在这里换点银子。典当和赎回的价格可不一样哦#2"",""东当铺，西当铺，东西当铺当东西，少侠可要记得常来查看你在此典当之物#43"",""现在的小偷非常狡猾，常在情急之下将赃物在此典当。少侠若是被盗，可要记得先来此查看！""]"			
1015001	杂货店老板	3001	1015	18	15	0	ShopZHD	"[""日常百货，应有尽有，随便挑几样吧。"",""本店经营各式杂货，什么桃花兰花摄妖香，应有尽有。您随便挑。"",""外面的家具市场真是人山人海，摩肩接踵。少侠就算不买东西，也可进来本店休憩片刻，寻个清净。#40"",""老夫做的是小本买卖，只求薄利多销，便民利民。"",""做连锁果然压力不小，不过全长安就咱的铺子最热闹。""]"			
1016001	药店老板	3002	1016	13	19	0	ShopYD				
1017001	饰品店老板	3006	1017	20	20	0		"[""我这里出售的都是上等货色，主要是项链腰带一类。客官想买点什么？"",""价格很公道的，随便挑几样吧。"",""送些精致饰品给意中人，表示一下心意嘛。"",""既然来长安旅游，何不在本店买一件护身符留作纪念？"",""珍珠链，买三条，美过翡翠与玛瑙，锦绣饰品店欢迎你！""]"			
1018001	乐器店老板	3007	1018	20	18	0		"[""高山流水，知音难求。"",""音乐能陶冶人的情操。"",""音律分为宫、商、角、徵、羽，也就是所说的“五音”。"",""小桃红弹奏的琵琶曲，真是余音绕梁，三日不绝#97"",""横吹笛子竖吹箫，客官可不要搞错了。""]"			
1019001	颜如羽	3008	1019	18	20	2		"[""书中自有黄金屋，书中自有颜如玉。"",""上下五千年，我这里什么书都有，就缺阵法书，阵法书只有通过押镖才能得到。"",""读书破万卷，下笔如有神。梦幻里的书种类很多，有兵法阵书、魔兽要诀、打造指南书等等。"",""书山有路勤为径，学海无崖苦作舟。年轻人还是要多读点书。"",""书到用时方恨少，学富五车不为多。"",""纸上得来终觉浅，绝知此事要躬行。学到了书本知识，还得要学以致用。""]"			
1020001	武器店掌柜	3009	1020	13	12	0	ShopWQDZG	"[""瞧一瞧看一看了，我这里的武器最适合新人使用了。边上的老板出售高级一点的兵器，购买时请看清楚物品等级，别买错了哦#2"",""瞧一瞧看一看了，我这里的武器最适合新人使用了。边上的老板出售高级一点的兵器，购买时请看清楚物品等级，别买错了哦#2"",""长安武器店专卖0级和20级武器，0级和10级的武器则在建邺城出售。少侠记住了没#1""]"			
1020002	武器店老板	3003	1020	21	16	1	ShopWQDLB	"[""客官想要什么兵器？"",""行走江湖不能两手空空，来挑一件趁手的兵器吧。"",""这里的风景还不错吧。"",""少侠是来选购兵器的吧？请慢慢挑选，务必看清楚名称哦！""]"			
1021001	福寿店老板	3009	1021	32	20	1		"[""本店是小本经营，客官想要买些什么？"",""小店新进了一批黄纸香烛，要不要买一些？"",""这里出售供奉和祭祀用品。"",""今生多行善，福寿自绵长。"",""常来店里走一走，多儿多女多福寿。""]"			
1022001	裁缝中介人	3027	1022	30	19	1					
1022002	张裁缝	3010	1022	8	12	3		"[""我这里各色绸缎一应俱全，肯定有你想要的。"",""客官想要什么样的衣服？"",""听说世间最美丽的服饰出自月宫嫦娥之手。"",""做衣服也和做人一样，来不得半点马虎。"",""长木匠，短铁匠，不长不短是裁缝。""]"			
1022003	缝纫台	3305	1022	17	8	1	MakeSewing				
1022004	服装店老板	3010	1022	37	16	1		"[""三分长相，七分打扮，挑件合身的衣服吧。店里的张裁缝可以让你提高裁缝熟练度。"",""这里各色绸缎一应俱全，肯定有你想要的。只有大唐官府的玩家才能学会鉴定衣服的技能，而项链鞋子腰带的鉴定技能只有地府的玩家才能学。"",""本店的服饰选用的都是上等丝绸布匹，做工细致，包您满意。"",""人靠衣装马靠鞍，本店为您提供各式新款服装，就算不买也来看看吧。"",""要自己做衣服请到那边的裁缝台吧，只收取您少量的加工费。""]"			
1023001	王武	3011	1023	21	12	1		"[""这位朋友天资不错，是个练武的好材料。拜师了没有？没有的话可以找门派传送人或者城门口的长安导游了解一下各门派的情况。"",""练武是为了强身健体，可不是用来恃强凌弱的！恶意PK会受到上天的惩罚哦#2"",""强身健体，保家卫国，年轻人多学点武艺没错的。梦幻西游里的技能不仅仅只限于师门技能，还有剧情技能、辅助技能等。"",""未曾学艺先学礼，未曾习武先习德。要想练好武艺，先要学会做人。"",""一巧破十拙，一力破十巧，一会破十力，一精破十会，此乃习武之道也。""]"			
1024001	郑镖头	3015	1024	34	15	1		"[""保镖可是个危险行当，不过利润也高。想保镖的话也得有点本钱，我总不能凭空相信你吧，总得先附点押金我才放心。"",""行走江湖，重要的是要讲信用。想保镖的话也得有点本钱，我总不能凭空相信你吧，总得先附点押金我才放心。"",""客人有什么想保的吗？我们的信誉可是最好的。"",""运镖路途凶险。等你修为高了可以找些朋友们来试试高级镖银#40"",""少侠平时要多做些好事，积善行德，这样就不会趟趟都跑方寸山了#86"",""吃得苦中苦，方为人上人。不信去问问那些闯荡江湖的，谁没来找我干过这差事？""]"			
1025001	冯铁匠	3012	1025	30	14	1		"[""品质越好的材料，打造出的装备越精良。玩家可以在这里打工赚钱，打造修理武器装备的请点击炉子。"",""打造装备需要百炼精铁和制造指南书。玩家可以在这里打工赚钱，打造修理武器装备的请点击炉子。"",""打造出的装备需要鉴定，据说大唐官府和地府弟子懂得鉴定之术,可以鉴定武器与衣服。玩家可以在这里打工赚钱，打造修理武器装备的请点击炉子。"",""听说有的帮派在研究打造之术，想通过神兵利器称霸武林。玩家可以在这里打工赚钱，打造修理武器装备的请点击炉子。"",""武器若是损坏，可以到那边的打铁炉修理。手艺越熟练越容易修成功#18！"",""俗话说：“打铁还须自身硬！”作为一名铁匠，只有自身素质过硬、技艺高超，才能打造出一件件精巧实用的武器。""]"			
1025002	打造中介人	3027	1025	14	17	0					
1025003	学徒小麦	3003	1025	25	11	2					
1025004	打铁炉	3301	1025	26	21	1	MakeFurnace				
1026001	吴举人	3022	1026	25	36	0		"[""“百无一用是书生”，那是市井粗人的调侃之词。"",""万般皆下品，唯有读书高。"",""自从上次江南游玩归来，总忘不了那个茶摊的罗姑娘，我要不要再去买两斤茶叶呢#17"",""不吃饭则饥，不读书则愚。 "",""如今国子监邀请了卢老师前来讲授文学课，各位小书童务必要按时来听课啊#43""]"			
1028001	酒楼老板	3013	1028	42	20	1	JDLB				
1028002	店小二	3021	1028	29	9	1	BOUNTY	"[""客官里面请，小店有上好的女儿红。"",""客官一看就是做大买卖的人。"",""这位大爷是外地来的吧，到了这天子脚下可要好好逛逛。"",""京城里就数小的消息最灵通了，大爷有什么想知道的只管向我打听。"",""挖宝图前要先喝上三杯——这诀窍一般人我不告诉他#18""]"			
1030001	酒楼老板	3013	1030	18	24	0	JDLB	"[""我们店里的酒是天下一品，连皇上喝过都赞不绝口！"",""客官里面请，小店好酒好菜名厨掌勺，包您满意！"",""小店有干净舒适的厢房，正适合客官您好好休息。"",""我的店里有好酒，保准让客官饮后忘却一切烦恼！"",""最近西域传来一些奇珍异馐，像什么红罗羹、绿萝羹，那叫一个美味#89""]"			
1031001	小怜香	3028	1031	15	13	0		"[""记得下次再来哦#46"",""情太长，夜太短，您说是不是？"",""天已凉了，夜已深了，萧瑟的秋风掠过寂寞的双肩，难道你不觉得冷吗？"",""情为何物，爱为何物，好似那天边的流云，幻丽多彩而又飘渺不定。""]"			
1032001	小惜玉	3028	1032	21	15	0		"[""天已凉了，夜已深了，萧瑟的秋风掠过寂寞的双肩，你不觉得冷吗？"",""情为何物，爱为何物，好似那天边的流云，幻丽多彩而又飘渺不定。"",""官人想听小曲儿还是看歌舞？"",""客官要找小怜香？她在隔壁的房里。"",""醉看人间变色，青楼梦，诉与谁知？ "",""客官，你可否还记得当年濯垢泉边的惜玉姑娘？""]"			
1033001	罗百万	3007	1033	40	10	3		"[""给我找最漂亮的姑娘出来，大爷我有的是钱！"",""这里真是美女如云啊，看的我眼睛都花了。"",""今天点谁来给我唱曲呢？"",""今宵有酒今宵醉，就让俺醉这一回吧！"",""人生在世不称意，可有哪位姑娘懂俺的心意？""]"			
1033002	小桃红	3028	1033	41	14	1		"[""哟，大爷，您可好阵子没来啦！"",""要不要小桃红唱首新学的小曲儿给您听听？"",""小女子善弹琵琶，客官可要来上一曲？"",""人面桃花相映红。客官请与小女桃红满饮此杯！""]"			
1033003	陈妈妈	3014	1033	35	20	1		"[""这位大爷，您又来了#1今儿是要小怜香给您唱曲儿还是小惜玉为您跳舞啊？"",""良辰美景，花好月圆，这位客官喜欢哪位姑娘呀？我这儿的怜香惜玉两位姑娘能歌善舞，您去楼上看看？"",""我这儿有怜香惜玉两位当红的姑娘，琴棋书画样样都会，您去楼上看看？"",""这位大爷一看就知道是怜香惜玉之人。我这儿的怜香惜玉两位姑娘能歌善舞，您去楼上看看？"",""今晚上本楼所有消费一律五折，客官您算是来对了！"",""本楼可是正规娱乐场所#99客官您是要品茶还是饮酒啊？""]"			
1034001	赌霸天	3016	1034	14	14	0		"[""这位朋友面带福相，想不想赌两局试试运气？"",""谁都有背运的时候，输了可不要哭鼻子哦。"",""赌博靠的是运气，可不许出老千，看到门口那个穷汉没，就是出老千被我剥光了打出去的#18"",""最近唐皇下诏禁赌，本店已经快破产了#52"",""在野外地下赌庄私下赌钱的，一定会被官府捉拿！""]"			
1036001	赵姨娘	3006	1036	20	12	0		"[""大宝，二宝，小宝，这三个小捣蛋鬼不知道又跑哪去了。"",""最近过往长安城的人越来越多了。"",""来到天子脚下可要好好逛逛。"",""少侠如果见到了我家的大宝、二宝和小宝，请转告他们：“你妈妈叫你们回家吃饭。”"",""我家可真是长安城里难得一见的僻静地儿啊#40""]"			
1038001	紫衣侠盗	2044	1038	10	24	0					
1043001	空度禅师	3047	1043	11	13	1	Teacher	"[""我佛门心法只传授诚心向佛之士。"",""学道有成，根本在悟。"",""得即是失，失即是得，世事本是过眼烟云，不必太过看重。"",""众生皆有佛性在，只看沉迷浅与深。"",""人生本在是非场，一生难免会有过。修真正道先修心，悟玄讲道渡世人。"",""救人一命，胜造七级浮屠，这才是化生寺弟子天职所在。"",""出家人要以慈悲为怀，善哉善哉。"",""医生难医命终之人，佛陀难渡无缘的众生。""]"			
1044001	李世民	3037	1044	46	48	0		"[""疾风知劲草，板荡识诚臣。"",""凡事要以国家社稷为重。"",""都说为官难，其实要作个好皇帝更难。"",""为君之道，必须先存百姓，若损百姓以奉其身，犹割股以啖腹，腹饱而身毙。若安天下，必须先正其身，未有身正而影曲，上治而下乱者。"",""事不三思，恐怕忙中有错；气能一忍，方知过后无忧。""]"			
1044002	魏征	3035	1044	70	42	1		"[""当今圣上察纳雅言，这是百姓之福。"",""在朝为官要敢于仗义执言。"",""奉诏监修的梁、陈、齐、周、隋史就快编写完成了。"",""傲不可长，欲不可纵，乐不可极，志不可满。"",""兼听则明，偏信则暗。""]"			
1044003	房玄龄	3035	1044	54	33	3		"[""我们做臣子的就是要对皇上忠心，为皇上分忧。"",""臣闻理国要道，在于公平正直，故《尚书》云：“无偏无党，王道荡荡。无党无偏，王道平平。”"",""我自渭北投笔从戎跟随皇上至今，皇上一直待我不薄，我自当鞠躬尽瘁以报答皇上的大恩。"",""吃醋吃醋，我的老婆爱吃醋#47"",""别人说我老谋深算，其实我也有单纯的一面#17""]"			
1044004	戴胄下属	3035	1044	79	38	1					
1044005	杜如晦	3035	1044	63	29	3					
1049001	殷丞相	3035	1049	30	34	0		"[""当今圣上日理万机，英明过人。"",""我们作臣子的要尽量替圣上分忧。"",""为官的要尽好自己的本分，对得起圣上和天下百姓。""]"			
1049002	殷夫人	3033	1049	14	27	0		"[""我有个女儿远嫁江州十八年了，也没个书信回来，不过想来她应该过得很幸福吧……"",""父母总希望儿女能够生活得幸福平安，希望天下儿女都能够理解父母的苦心。"",""我相公整日为国操劳，很辛苦的。"",""此去经年，我的孙子或是孙女也应该很大了吧？真是挂念他们。""]"			
1050001	捕头李	3032	1050	20	21	0		"[""最近有一些强盗出没，衙门里人手快不够用了。"",""当差很辛苦的。"",""吃捕头这碗饭也是要冒一定危险的。"",""最近又有犯人越狱，得想想法子……"",""平日一些小蟊贼见到我们就象老鼠见了猫。""]"			
1050002	罗师爷	3306	1050	10	20	0					
1050003	衙役	3032	1050	26	19	1		"[""公堂禁地，闲杂人等不许乱闯。"",""告状的话先把状纸准备好了到堂外排队去，别乱闯。"",""作奸犯科可是要下大狱的。"",""最近大唐国境总有强盗山贼出没，衙门里人手快不够用了。"",""虽有石狮把门，安全还得靠人。""]"			
1050004	衙役	3032	1050	30	17	1		"[""公堂禁地，闲杂人等不许乱闯。"",""告状的话先把状纸准备好了到堂外排队去，别乱闯。"",""作奸犯科可是要下大狱的。"",""最近大唐国境总有强盗山贼出没，衙门里人手快不够用了。"",""虽有石狮把门，安全还得靠人。""]"			
1050005	衙役	3032	1050	21	13	3		"[""公堂禁地，闲杂人等不许乱闯。"",""告状的话先把状纸准备好了到堂外排队去，别乱闯。"",""作奸犯科可是要下大狱的。"",""最近大唐国境总有强盗山贼出没，衙门里人手快不够用了。"",""虽有石狮把门，安全还得靠人。""]"			
1050006	衙役	3032	1050	17	15	3		"[""公堂禁地，闲杂人等不许乱闯。"",""告状的话先把状纸准备好了到堂外排队去，别乱闯。"",""作奸犯科可是要下大狱的。"",""最近大唐国境总有强盗山贼出没，衙门里人手快不够用了。"",""虽有石狮把门，安全还得靠人。""]"			
1053001	玄奘	3048	1153	7	15	0		"[""万缘放下，便是不乱，净念相继，便是一心。"",""南无阿弥陀佛，南无是南无阿弥陀佛的南无，阿弥陀佛是南无阿弥陀佛的阿弥陀佛。施主，我明白了，你明白了么？"",""施主，你有多少兄弟姐妹，你父母尚在吗？你别这样看着我，贫僧只不过想在讲经之前多交一个朋友而已。"",""我想和你说四句话，包括已经讲了的一句，和现在这句，我讲完了！""]"			
1053002	酒肉和尚	2283	1153	35	12	3		"[""在洒家看来，佛法就是喝酒吃肉！"",""要不是法明那老和尚偏心，玄奘那小子怎能到今天的地步？"",""俗话说的好“酒肉穿肠过，佛祖心中留”嘛。"",""趁这法明去化生寺的空当，我得整整这玄奘和尚，以泄心中之恨。""]"			
1054001	程咬金	2082	1054	18	17	0	Teacher	"[""俺老程的三板斧可是天下有名的。"",""学会俺的一身本领，闯荡江湖绰绰有余。"",""作了官还要天天上朝，真是麻烦。"",""俺的武艺不想带进棺材里，是该找个传人的时候了。"",""学本领要虚心，可不能浮躁自满。"",""一屋不扫何以扫天下？修身与治国平天下同等重要。"",""大唐武艺，天下无双。弟子们江湖行走可别坏了师门名声。""]"			
1056001	秦夫人	3033	1056	21	18	1		"[""当今皇上治国有方，百姓也可以安居乐业了。"",""我家老爷现在就喜欢怀旧，人老了真是不行了，哪像人家程咬金，还开门收徒弟呢。"",""我家老爷戎马一生，也到了该退休享清福的时候了。"",""自从老爷接管了点卡交易处，咱府上就一直人来人往。""]"			
1057001	秦琼	2084	1057	26	19	0		"[""在朝为官要尽好自己的本分，对得起圣上和天下百姓。"",""当今圣上治国有方，这是百姓之福。"",""想当年我跟随皇上一起征战四方，那是何等的意气风发。我真是老了，就喜欢怀念过去。"",""唐王昨日梦中被泾河龙王的阴魂所惊吓，今晚我定要守在宫门处保驾！"",""时代不同了，现在大唐弟子都骑上了高头大马，真是比老夫当年的呼雷豹还要威风！""]"			
1067001	文秀	3028	1167	11	11	0		"[""绣花讲究的是精心细致,街坊邻居都喜欢我绣的花布。"",""听说国境又有强盗出没，看来太平盛世也有不安宁的地方。"",""不知道尾生投胎了没有。"",""小女子别无他求，只想再见尾生一面。""]"			
1110001	驿站老板	3307	1110	85	250	0	Transfer				
1110002	白琉璃	2067	1110	39	160	0		"[""前生今世，诸多因缘，谁能帮我辨清？"",""我从何处而生？又要去往何处？"",""法明那老头明明知道些什么，却那么嘴硬，不给点教训他还不知道本姑娘的厉害。"",""没了，终于知道什么是没了……""]"			
1110003	超级巫医	3001	1110	56	74	1	CJWY				
1110004	小二	3021	1110	66	68	1		"[""我们小店服务一流，远近闻名。"",""别看我们店小，回锅肉、十香素锦、桂花鸡样样齐全。"",""物价飞涨，小店生意不好做啊，老板迫不得已把酒钱都涨了#14"",""客官，您是要打尖还是住店啊？""]"			
1110005	大生	3166	1110	87	219	3		"[""大唐国境丛林密布，常有强盗拦路抢劫，路过可要当心了。"",""过了江州就是繁华的长安城了，金山寺下方的小城是洪州。"",""通向阴曹地府的路口就在附近，据说地府的地藏菩萨正在招收门徒，男女不限，不过只招收魔族的弟子。"",""砍了一辈子柴，连棵菩提树都没见过#52"",""磨刀不误砍柴工，学完技能再打工。""]"			
1110006	本事和尚	3076	1110	191	219	1					
1110007	古董商人	3005	1110	301	111	0		"[""生意越来越难做了，客商都精明得很。行情看好的时候死命杀价，一有转势就囤积居奇，都想趁机捞油水。"",""做买卖要讲究“变通”，眼明手快，商场如战场，时机不等人啊。"",""生意要做就做大，卖个针头啊线脑的，能赚几个钱？"",""要想买到真正的古董，一定要像我这样练就一双火眼金睛#18""]"			
1110008	普陀山接引仙女	3061	1110	220	62	0	Transfer				
1110009	牢房守卫	3032	1110	333	28	1		"[""听说国境又有强盗出没，看来太平盛世也不安宁。""]"			
1110010	婆婆	3040	1110	24	28	1		"[""唉，我含辛茹苦将儿子养大，没想到……生子不孝啊！"",""我老了，本来以为可以安享晚年，没想到落得这样凄凉……"",""儿子娶了媳妇，当上江洲知府以后就好像完全变了一个人。""]"			
1110011	金中仙	2093	1110	5	201	1		"[""宇宙万物，都由木、火、土、金、水五种基本物质的运动和变化所构成。少侠如有兴趣，可到长安袁天罡之徒处了解五行之道。""]"			
1110012	黑山老妖	2073	1110	98	285	0					
1110013	吴文彩	3022	1110	310	220	1		"[""今人不见古时月，今夜不见古人…不见古月…今月不见照古人？"",""风儿轻，月儿明，风轻月明好心情。"",""读书人淡泊名利，隐居于此，倒也落个悠闲自在。""]"			
1110014	吴老爹	3030	1110	260	328	0		"[""听说国境又有强盗出没，看来太平盛世也有不安宁的地方。"",""年轻人要多读些书，将来才能为国家社稷出力。"",""吴文彩又四处游玩去了，你可以到国境以东找找他。""]"			
1110015	小芸芸	3028	1110	166	304	0		"[""大唐国境丛林密布，常有强盗拦路抢劫，路过可要当心了。"",""听说通向阴曹地府的路口就在附近。"",""尽管金山寺就在一水之隔，可要想去上香还得翻山越岭。""]"			
1110016	者释和尚	3049	1110	178	90	1		"[""施主是来金山寺进香的吗？"",""清净之心可除烦恼，至诚之心可入佛号。"",""本寺的法明长老最近去长安化生寺会朋友去了，你若是有急事可以到化生寺找他。"",""师傅为我取法号“者释和尚”，意思是说，这是个和尚。"",""法号中带释，象征着佛教正统精神的传承#18""]"			
1110017	业释和尚	3049	1110	187	152	0		"[""施主是来金山寺进香的吗？"",""修行佛法贵在调心，“心生则法生，法生则心生”，只要心净，佛土自然清净。"",""本寺的法明长老最近去长安化生寺会朋友去了，你若是有急事可以到化生寺找他。"",""酒肉和尚老是欺负玄奘，我们都看不过去，但是那酒肉和尚有几分蛮力，我们也不敢说什么。"",""到庙里上香要怀着一颗虔诚之心。""]"			
1110018	海释和尚	3049	1110	138	177	0		"[""施主是来金山寺进香的吗？"",""须菩提！以要言之，是经有不可思议，不可称量，无边功德……"",""本寺的法明长老最近去长安化生寺会朋友去了，你若是有急事可以到化生寺找他。"",""酒肉和尚真是和尚中的败类#54贫僧可从不近酒色。""]"			
1110019	刘母	3040	1110	252	303	2		"[""我老伴早年就去世了，我只剩刘洪这么一个儿子可以依靠了。"",""自从多年前他把我接过来这里享福的时候，我就发现我儿子变了，变的不认识了。"",""我儿子手下的人怎么都叫他陈大人啊#55"",""如今虽然吃穿不愁，可是我还总觉得心里不踏实，这是何故?""]"			
1110020	渔翁	3165	1110	151	255	0		"[""烟波万里扁舟小，静依孤篷，西施声音绕。涤虑洗心名利少，闲攀蓼穗蒹葭草。"",""听说东海里有很多珍奇的宝贝，我在海上打了一辈子鱼都没缘见到！"",""前些年天天能钓到的金色鲤鱼现在一条也见不到了。"",""授人以鱼，不如授人以渔。要想钓大鱼，技巧是最重要的。"",""老夫钓鱼只图一乐，哪能和傲来长寿那些以钓鱼为生的人比。""]"			
1110021	虾兵	2062	1110	240	263	0		"[""龙宫的宝贝真是多啊，随便偷得一两件拿到外面来卖都能发笔横财。"",""瞧一瞧看一看了，东海龙宫宝贝大展销啦#51"",""三界之间的恩怨情仇，从来就和我们这种小角色无关#109""]"			
1110022	殷温娇	3020	1110	301	301	1		"[""听说国境又有强盗出没，看来太平盛世也有不安宁的地方。"",""我苦命的相公和孩子啊#52这种日子什么时候才能熬出头。"",""大慈大悲的观音菩萨，请您保佑我的孩子平平安安，希望有一天能恶人遭诛，好人获救。"",""自打孩子走后，我天天以泪洗面，眼睛都快哭得不行了#52""]"			
1110023	山神	2283	1110	41	239	0		"[""我是传说中的---山神#51。求财求子求姻缘来拜我就对了，不过这年头时间就是金钱，你没供奉就别耽误本神时间！"",""最近来许愿的人越来越少了，山神也不好做啊！"",""从前有座山，山上有个庙，庙里有个山神讲故事，他说从前有座山，山上有个庙，少侠你还想继续听么？"",""山外有山，人外有人。这山神也是分三六九等的。"",""丛山峻岭中呆久了，难免想到海边走走。""]"			
1110024	衙门守卫	2048	1110	294	287	1		"[""这江州还真是平安，什么事都没有。"",""最近老爷总是乱发脾气。"",""衙门口往西走有个凉亭，有山有水又有美人相伴，真是游玩的好去处#56""]"			
1110025	衙门守卫	2048	1110	294	284	1		"[""这江州还真是平安，什么事都没有。"",""最近老爷总是乱发脾气。"",""衙门口往西走有个凉亭，有山有水又有美人相伴，真是游玩的好去处#56""]"			
1111001	守门天将	2061	1111	239	18	0		"[""天天在这里守门真是无聊死了，我也渴望冒险刺激的生活。"",""整天有人来打听这打听那的，什么红琉璃白琉璃，当心我火了打你一顿。"",""又要开蟠桃会了，我算算我守了多少年的门，自从我守门开始，已经开了2次蟠桃会了。"",""天宫可是众仙云集之地，不是你想来就来，想走就走的！"",""天宫重地，严禁喧哗！！""]"			
1111002	守门天将	2061	1111	230	13	0	Transfer	"[""天天在这里守门真是无聊死了，我也渴望冒险刺激的生活。"",""整天有人来打听这打听那的，什么红琉璃白琉璃，当心我火了打你一顿。"",""又要开蟠桃会了，我算算我守了多少年的门，自从我守门开始，已经开了2次蟠桃会了。"",""天宫可是众仙云集之地，不是你想来就来，想走就走的！"",""天宫重地，严禁喧哗！！""]"			
1111003	接引仙子	3061	1111	162	66	0	MPCACSR				
1111004	素衣仙女	3061	1111	100	25	0		"[""人人都说神仙好，神仙的烦恼又有谁知道。"",""天上星，亮晶晶，永灿烂，常安宁……"",""兜率宫在左下角，广寒宫从左上角进，去天牢探监请向右上走。""]"			
1111005	顺风耳	2061	1111	101	63	0		"[""站得高看得远#28。想听我说说新鲜事儿吗#89，我可不白说哦#18。""]"			
1111006	天牢守卫	3063	1111	229	141	0		"[""天牢里关的都是十恶不赦的坏人。""]"			
1111007	水兵统领	3063	1111	170	140	1		"[""天蓬元帅因罪遭遣，我就得以升迁，天庭里升官全都要凭运气！"",""掌管十万水兵虽然威风，但不知什么时候我也会被玉帝找个理由打入天牢，真是伴君如伴虎！"",""除了王母娘娘和玉皇大帝，所有的天神都不许谈恋爱，五百年前有个紫霞仙子竟然爱上了一个下界的妖怪，后来连尸骨都没有剩下，真是悲惨……"",""水兵们的武器都已破旧不堪，不知哪里才能找到上好的珍珠镶上？愁啊！""]"			
1111008	大力神灵	2068	1111	18	129	0		"[""我修炼了那么久才取得神仙资格认证，没想到上来做个行刑的，而且还不许辞职！"",""我的玄天铁鞭呢？难道是在赶来的路上失落了？这可如何是好。"",""虽然说潇洒我比玉帝差了点，说英俊比二郎神丑了点，说风度我比李天王少了点……可是，我是真心喜欢月香姑娘的啊，她为什么不喜欢我呢？"",""虽然名号相近，可是要比力气，大力金刚在我面前可得甘拜下风。"",""如今真是太平，这斩妖台也荒废许久了。""]"			
1111009	马真人	3051	1111	227	17	0					
1111010	斩妖台守卫	3063	1111	32	113	0		"[""此处是惩罚三界重犯的斩妖台，不得乱闯。"",""五百年前有个叫孙悟空的曾在这里受刑，结果各种刑罚用尽也未能伤他一根毫毛，真是奇了。""]"			
1111011	斩妖台守卫	3063	1111	40	116	0		"[""此处是惩罚三界重犯的斩妖台，不得乱闯。"",""五百年前有个叫孙悟空的曾在这里受刑，结果各种刑罚用尽也未能伤他一根毫毛，真是奇了。""]"			
1111012	守门道童	3044	1111	21	23	0		"[""仙家灵丹有着奇特的功效，凡夫俗子吃上一颗，可以延年益寿百病全消。"",""几百年前齐天大圣那一闹我到现在还记得，真是厉害，连炼丹炉都烧不死他。"",""远客来此可是来炼丹？"",""都怪我不小心，害的太上老君的青牛坐骑私逃下界，这可如何是好#47""]"			
1111013	守门道童	3044	1111	29	27	0		"[""仙家灵丹有着奇特的功效，凡夫俗子吃上一颗，可以延年益寿百病全消。"",""几百年前齐天大圣那一闹我到现在还记得，真是厉害，连炼丹炉都烧不死他。"",""远客来此可是来炼丹？"",""都怪我不小心，害的太上老君的青牛坐骑私逃下界，这可如何是好#47""]"			
1111014	千里眼	2061	1111	173	64	1		"[""我只不过多长了一只眼睛扩展我以往对事物的看法！"",""天上有这么多美女，要选那个来做我的夫人呢，唉，真是苦恼#95"",""当年紫霞仙子放着好好的神仙不作，偏偏要跟那只臭猴子，结果命都丢了。"",""康太尉帮我说亲去了，也不知道成了没成#17""]"			
1112001	玉皇大帝	3066	1112	28	46	0		"[""作皇帝难，作玉皇大帝更难啊。"",""那个什么九头虫献上的宝贝还真不错。"",""其实我很怕我老婆的，很多事情都是她做主，但是话说回来，怕她，说明我爱她嘛#17你说是不是。"",""汝等不来接受朕的考验，就别想飞升化境#99"",""那猴子自从跟了唐三藏取经，好久都没消息了，也不知道现在行至何处？""]"			
1112002	王母娘娘	3061	1112	35	49	0		"[""仙魔两界向来水火不容，说什么神仙妖魔自由恋爱，哼，除非神仙都死光了。"",""我蟠桃园里的桃子可都是稀世珍品。"",""猴子被佛祖降伏以后，天界的日子总算太平了。"",""蟠桃园的桃子长势喜人，今年又可以开一场盛大的蟠桃宴会了。"",""谁这么大胆，偷走了我的九叶灵芝草#54""]"			
1112003	李靖	2294	1112	30	36	0	Teacher	"[""天上一日，人间一年。"",""下界常有妖魔作乱，要多加防范才是。"",""想成为天界的精英，是要下一番苦功夫的。"",""修行贵在持之以恒，切忌浮躁自满。"",""下界凡间遇到纷争可不要与他们一般见识，他们可是不讲理的。"",""天庭冷落，真想再回到人间。""]"			
1112004	杨戬	3064	1112	55	26	0		"[""不知道嫦娥仙子如何才能喜欢我，唉，真是苦恼啊#14"",""我就是英俊潇洒玉树临风天庭第一美男子二郎神#17"",""下界常有妖魔作乱，要多加防范才是。"",""天庭也非清净之地，啥时能再回到我的灌江口？"",""每晚十二点准时关闭神器任务，各位可别迟到了！""]"			
1112005	哪咤	3060	1112	66	33	0		"[""下界常有妖魔作乱，要多加防范才是。"",""居然把火尖枪输给那个看门小神，那可是师傅送我的枪啊#52我有何颜面去见师傅和父亲。"",""天上一日，人间一年。下界许久没什么大动静，我待在这都快生锈了。"",""作为三坛海会大神，率领天兵去收降那猴子，却屡战屡败，真是惭愧！"",""碧藕为骨，荷叶为衣，我乃刀枪不入之躯。""]"			
1113001	太上老君	3051	1113	11	17	0		"[""当初把猴子扔到炼丹炉里，没想到居然给他炼出了火眼金睛……"",""蟠桃会快到了，又有的我忙了。"",""天天呆在兜率宫里炼丹也很无聊的，真想下界走走。"",""如今靠着这炼丹炉整日为诸位合成法宝、补充灵气，倒也赚了不少外快#17"",""纵使那猴子神通广大，也敌不过我那能套万物的金刚琢。""]"			
1113002	炼丹道士	3045	1113	25	13	1		"[""难！难！难！道最玄，莫把金丹做等闲。"",""当年有志学长生，今日方知道行精。运动乾坤颠倒理，转移日月互为明。"",""道生一，一生二，二生三，三生万物。"",""仙丹能治百病，却治不了贪婪的人心。""]"			
1114001	吴刚	3166	1114	9	34	0					
1114002	月香侍女	3061	1114	105	57	1		"[""人人都羡慕嫦娥仙子能够永享仙籍，长葆青春，可又有谁能了解她心中的孤独和寂寞。"",""天宫里有天宫里的规矩，你若无事就请回吧，不要打扰我家仙子。"",""听说紫霞仙子和嫦娥姐姐一样美丽。"",""每当中秋时节，我就会分外思念人间的亲人#52"",""月桂树下的吴刚，不知何日才能脱离苦海？""]"			
1114003	康太尉	2061	1114	101	55	3		"[""我们老大就是人称玉面无敌的多情公子二郎神，怎么样，怕了吧！"",""这嫦娥也真是的，跟了我们真君有什么不好。"",""我们康张姚李四太尉是二郎神手下的四大护法金刚！"",""这月宫有什么好的？冷冷清清戚戚惨惨切切，哪里有那长安城热闹#47""]"			
1114004	超级巫医	2061	1114	38	46	0	CJWY				
1531001	嫦娥	3050	1531	30	17	1		"[""二郎神真是讨厌，经常派人来扰我清净，看到门口那个康太尉了吗，就是他手下的四大流氓之一#54"",""当年都说是天篷调戏我，唉，谁又能知道真正的内情呢。"",""人人都说神仙好，神仙的烦恼又有谁知道。"",""我家的玉兔这几天去哪了？还有那捣药的玉杵#47"",""纵有端正美人姿，又有谁能知道广寒宫的寂寞？""]"			
1122001	孟婆	3040	1122	96	24	0		"[""相见不如怀念，怀念不如忘记。"",""听说地藏菩萨在广招门徒，年轻人想不想去学些本领？"",""喝下孟婆汤，过了奈何桥，前生的事就再与你无缘。"",""今生有缘无份，又何必强求？ "",""孟婆汤有甘、苦、辛、酸、咸五种口味，少侠想要哪一种#55""]"			
1122002	牛头	2052	1122	96	103	1		"[""钟馗大人正在募集三界志士协助缉拿从地府逃出的鬼魂。"",""地府有十八层地狱，关押那些生前做尽坏事的家伙。"",""你越是害怕越是说明你心中有鬼！"",""天网恢恢，那些贪赃枉法之徒是跑不掉的！""]"			
1122003	马面	2053	1122	19	33	2		"[""钟馗大人正在募集三界志士协助缉拿从地府逃出的鬼魂。"",""地府有十八层地狱，关押那些生前做尽坏事的家伙。"",""想要尝尝我这根铁链子的威力么？"",""要想人不知，除非己莫为。做坏事的人是要下地狱的。""]"			
1122004	地遁鬼	2054	1122	27	58	0					
1122005	追梦鬼	2001	1122	15	12	3		"[""听说地藏王在广招门徒。"",""听说地藏菩萨在广招门徒，年轻人想不想去学些本领？"",""地府有十八层地狱，关押那些前生坏事做尽的恶人。"",""生是追梦人，死为追梦鬼。还记得当初的梦想么?""]"			
1122006	钟馗	3039	1122	47	58	0	ZHONGKUI	"[""最近地府经常有恶鬼出逃，要想想办法才是。"",""我虽然擅长捉鬼，无奈现在散落在外的游魂野鬼实在是太多了……"",""为人不做亏心事，夜半不怕鬼叫门。"",""我乃赐福镇宅圣君，誓为三界除尽天下之鬼怪妖孽！"",""你可知道我生前是如何死的么？""]"			
1122007	地府商人	3005	1122	84	10	0					
1122008	地府货商	3004	1122	70	48	0					
1123001	阎罗王	2278	1123	22	18	0		"[""赏善罚恶，阴司明断。"",""阳间不报，阴间必报。"",""杀人偿命，欠债还钱。"",""我掌第五殿，司掌叫唤大地狱。凡押解到此殿者，押赴望乡台，令之闻见世上本家因罪遭殃各事。""]"			
1123002	转轮王	2278	1123	26	16	0		"[""天网恢恢，疏而不漏。"",""善恶到头，神鬼难欺。"",""人世沉浮，根本寂灭。"",""我掌第十殿，专司各殿解到鬼魂，辨明善恶，核定等级，发往转生。""]"			
1123003	秦广王	2278	1123	30	14	0		"[""神恩如海，神威如狱。"",""临阵无退，杀身有择。"",""天理昭彰，报应不爽。"",""因果循环，六道轮回。"",""我掌第一殿，司人世天寿生死，统管幽冥吉凶。""]"			
1123004	初江王	2278	1123	34	12	0		"[""临阵无退，杀身有择。"",""天理昭彰，报应不爽。"",""因果循环，六道轮回。"",""我掌第二殿，司掌话大地狱。凡在阳间伤人肢体，奸盗杀生者，推入此狱。""]"			
1123005	宋帝王	2278	1123	38	10	0		"[""临阵无退，杀身有择。"",""天理昭彰，报应不爽。"",""因果循环，六道轮回。"",""我掌第三殿，司掌黑绳大地狱，凡是人抗粮赖租，交易狡诈者，推入此狱。""]"			
1123006	卞城王	2278	1123	31	22	0		"[""临阵无退，杀身有择。"",""天理昭彰，报应不爽。"",""因果循环，六道轮回。"",""我掌第六殿，司掌打叫唤大地狱及枉死城。凡世人怨天尤地，对北溺便涕泣者，推入此狱。""]"			
1123007	平等王	2278	1123	35	20	0		"[""赏善罚恶，阴司明断。"",""阳间不报，阴间必报。"",""杀人偿命，欠债还钱。"",""我掌第九殿，司掌酆都城铁网阿鼻地狱。凡阳世杀人放火，战绞正法者，解到本殿。""]"			
1123008	泰山王	2278	1123	39	18	0		"[""赏善罚恶，阴司明断。"",""阳间不报，阴间必报。"",""杀人偿命，欠债还钱。"",""我掌第七殿，司掌热恼地狱。凡阳世取骸合药，离人至戚者，推入此狱。""]"			
1123009	都市王	2278	1123	43	16	0		"[""天网恢恢，疏而不漏。"",""善恶到头，神鬼难欺。"",""人世沉浮，根本寂灭。"",""我掌第八殿，司掌大热恼大地狱，凡谢世不孝，使父母翁姑愁闷懊恼者，发入此狱。""]"			
1123010	杵官王	2278	1123	47	14	0		"[""天网恢恢，疏而不漏。"",""善恶到头，神鬼难欺。"",""人世沉浮，根本寂灭。"",""我掌第四殿，司掌合大地狱。凡阳世忤逆尊长，教唆兴讼者，推入此狱。""]"			
1123011	崔判官	3036	1123	18	23	0		"[""生死有命，富贵在天。拜师的请进内室，地藏菩萨正在招收门徒。"",""阎王要你三更死，不敢留你过五更。"",""人生切莫把心欺，神鬼昭彰放过谁？"",""左执生死簿，右拿勾魂笔，赏善罚恶，管人生死——这说的就是老夫我啦#17""]"			
1124001	地藏王	2075	1124	22	13	0	Teacher	"[""修行贵在持之以恒，切忌浮躁自满。"",""恶业将盈，地狱相现。"",""地府法术诡异玄妙，只传授有缘之人。"",""要想在魔界扬名，还要多加历练才是啊。"",""地狱不空，誓不成佛。"",""地府弟子终于出人头地，实在让人欣慰#40""]"			
1125001	黑无常	3073	1125	14	11	1		"[""最近好多鬼从地府逃到阳间，我们捉都捉不过来，钟馗大人正在募集三界有志之士协助缉拿这些游魂野鬼。"",""有钱能使鬼推磨，那是别人晃点你的。"",""地府有十八层地狱，关押那些前生坏事做尽的恶人。"",""他们也叫我范无救，作奸犯科、贪赃枉法之人被我捉住定无救！ "",""地府迷宫的尽头有一座无名鬼城，少侠若有胆量可前去探究一番。""]"			
1125002	白无常	3058	1125	26	11	0	Transfer	"[""人生切莫把心欺，神鬼昭彰放过谁？"",""善恶到头终有报，只争来早与来迟。"",""对我的恐惧和不安其实都源自对我的不了解啊，哎！"",""捉不到你我就不回去！""]"			
1127001	幽冥鬼	2072	1127	52	62	1		"[""我前生一定做了什么坏事，今生才会这样痛苦，连死都死的不明不白。"",""文秀，你为什么没来……"",""我不甘心，我一定要知道是为什么！我不投胎！"",""我等，我继续等，我等得起！文秀一定会来找我的。"",""我是一个很有深度的人，因为我住在地下室。""]"			
1128001	无名野鬼	2055	1128	40	45	1					
1128001	超级巫医	3001	1128	72	67	0	CJWY				
1129001	吊死鬼	2055	1129	47	27	2		"[""阎王要你三更死，不敢留你过五更。"",""最近投进枉死城的那个女人真安静，比起其他的怨魂乖多了，不哭不闹的。"",""我就是枉死城的守卫，想进去探监吗，先交5000两探视费#18"",""我有个弟弟常在地府转悠，你要是遇到他帮我喊他回家吃饭。"",""到如今茕茕孑立，形影相吊，真是悲苦。""]"			
1130001	白晶晶的鬼魂	2080	1130	63	66	0		"[""人生如雾亦如梦，缘生缘灭还自在。"",""人生如雾亦如梦，情如朝雾去匆匆。"",""不要相信什么缘分，世上的男人都是自私的。"",""至尊宝还是那个至尊宝，只是孙猴子却不是以前那个孙猴子了，哎!""]"			
1130001	千年怨鬼	2078	1130	92	58	1					
1131001	巡山小妖	2023	1131	114	92	1		"[""这里的三位大王各有一手看家本领，说出来怕会吓死你。"",""我家的三个大王分别住在三个山洞里。"",""加入我们狮驼岭，保证你有吃有喝，前途无量。"",""我们狮驼岭的小妖，光是有名有姓的就有四万七八千。"",""我家的三个大王神通广大，就是神仙来也得让着三分。""]"			
1131002	巡山小妖	2023	1131	120	84	1		"[""这里的三位大王各有一手看家本领，说出来怕会吓死你。"",""我家的三个大王分别住在三个山洞里。"",""加入我们狮驼岭，保证你有吃有喝，前途无量。"",""我们狮驼岭的小妖，光是有名有姓的就有四万七八千。"",""我家的三个大王神通广大，就是神仙来也得让着三分。""]"			
1131003	传送妖精	2022	1131	113	26	0	MPCACSR				
1134001	大大王	3052	1134	23	16	1	Teacher	"[""我们这里神仙都不敢来的。"",""最近来投靠的人越来越多，得想法子扩大山头了。"",""学本领要专一，不能三心二意。"",""要想在魔界扬名，还要多下苦功夫才行#2"",""人不可貌相。别看我的弟子们相貌不够英俊，他们可都是温柔贴贴的好男人呢。"",""要做得山大王，空有一身蛮力是不够的。""]"			
1132001	二大王	3057	1132	23	18	2		"[""老牛又叫我去喝酒，好象九头虫也去了，我可不能让这酒虫把酒都喝光了才到。"",""近来好象又招收了不少门徒，看来得扩充山头了。"",""狮驼岭的武功博大精深，不是一两天就能领悟的，想要出人头地还需用心苦练。"",""最近我狮驼岭的神器噬魂齿重出江湖，真是件大喜事啊！"",""高级反震什么的，最讨厌了#47""]"			
1133001	三大王	3053	1133	23	17	1		"[""听说佛祖挑选的天命取经人其中有一个是金蝉子转世，吃他一块肉能长生不老，真想尝尝啊。"",""近来好象又招收了不少门徒，看来得扩充山头了。"",""狮驼岭的武功博大精深，不是一两天就能领悟的，想要出人头地还需用心苦练。"",""鹰击长空，能破敌军六将，狮驼弟子务必好好修习！""]"			
1140001	接引仙女	3061	1140	61	8	0					
1140002	黑熊怪	2006	1140	27	27	1		"[""这里是观音大士清修之地，闲杂人等不得乱闯。"",""比起暗无天日的黑风山，这里可真是清明自在之地啊。"",""跟着观音姐姐，我总会有成仙的那天#89""]"			
1140003	龙女宝宝	2024	1140	14	39	0		"[""这里就是普陀山紫竹林了。"",""你也是来拜见大慈大悲观世音菩萨的吗？"",""菩萨最近正在招收徒，只有女性的仙族才收哦#0"",""元宵节要到了，谁能陪我去长安城观灯？"",""紫竹林风光无限好，我再也不愿回到水晶宫了。""]"			
1140004	引路仙女	3061	1140	20	51	0	Transfer				
1140005	小熊怪	2029	1140	60	63	1		"[""这里就是普陀山紫竹林了。"",""菩萨最近正在招收徒，只有女性的仙族才收哦#0"",""你也是来拜见大慈大悲观世音菩萨的吗？"",""黑熊怪是我大哥，黑熊精是我表哥，白熊怪是我远房亲戚。""]"			
1141001	青莲仙女	3061	1141	29	12	1		"[""大慈与一切众生乐，大悲与一切众生苦。"",""有很多怪病奇毒只有仙家灵丹可以医治。"",""普陀山是观音姐姐清修之地，紫气蒸腾，烟围雾笼，景色可是十分奇秀。"",""欲朝普陀山，必渡莲花池。穿过前面的莲池，便可见到观音姐姐了。""]"			
1141002	观音姐姐	3059	1141	13	33	1	Teacher	"[""佛祖有真经三藏，乃是修真之经，正善之门，可劝人为善。"",""心欲若除，则万事可成，心无杂念，非外事可扰。"",""我南海普陀山有救世正心之法，只传授给有缘之人。"",""修行贵在持之以恒，切忌浮躁自满。"",""观世间疾苦繁华，声声入耳，一一在心。""]"			
1144001	春十三娘	2079	1144	20	18	0		"[""桃花过处，寸草不生。很多年之后,我有个绰号，叫做桃花娘子……"",""我有一项不传绝技，叫作“催情大法”。"",""师妹对那个臭猴子还是念念不忘。"",""在出道的时候，我认识一个人，他叫孙悟空，他后来有个绰号，叫齐天大圣。"",""我盘丝洞的法术可不是轻易能学到手的。"",""现在的孙猴子早就不是五百年前那个孙猴子了！"",""往前算五百年，往后算五百年，没人的美貌能超越我#99""]"			
1144002	白晶晶	2080	1144	26	43	1	Teacher	"[""这里就是当年盘丝大仙修炼的地方。"",""学本领要虚心，不可轻浮自满。"",""师姐一直好象有什么心事。"",""要想在魔界扬名，还要多加历练才是啊。"",""今晚的月亮好亮，不知那猴子身在何处，可有想我？"",""盘丝岭从不相信眼泪。""]"			
1145001	九头精怪	2089	1145	11	12	0		"[""别想在我背后做坏事，我有十八只眼睛盯着你呢。"",""只要我成为天命取经人取得真经，将来就能由魔转仙，哈哈哈哈#18"",""小白龙估计已经被天谴了吧，哈哈哈哈。"",""几天没见万圣公主了，可真想她啊#52""]"			
1145002	牛魔王	2081	1145	23	12	1	Teacher	"[""学本领要专心，不能三天打渔，两天晒网。"",""想称霸江湖不是那么容易，要专心修习才行。"",""要想名扬魔界，还要多加历练。"",""你们谁瞧见了本王的避水金睛兽？"",""家家有本难念的经，本王一世英明如今却家事缠身，可叹啊！""]"			
1146001	接引道人	3045	1146	57	31	1					
1146002	清风	3044	1146	56	38	1		"[""修道贵在专心如一。"",""五庄观是仙家清修之地，观内有万年一产的仙果草还丹，也叫人参果"",""本观师父与世同君，只为天地二字侍奉香火。"",""你们能看出我今年已经一千三百二十岁了吗#17""]"			
1146003	明月	3044	1146	60	36	1		"[""我家观主就是“地仙之祖”镇元大仙。"",""最近有个妖怪擅闯五庄观，不仅偷吃人参果还打坏了果树，这可怎么办是好#14"",""我们家的果子可是稀罕物，遇金而落，遇木而枯，遇水而化，遇火而焦，遇土而入！"",""人参果明明少了四个，那猴子还怪我算术不好！""]"			
1147001	镇元大仙	3062	1147	24	13	1	Teacher	"[""学了本领要用在正途，不许恃强凌弱。"",""修行要注重基础，持之以恒，切忌好高骛远。"",""想成为仙界的精英，还要下一番苦功夫啊～"",""我观中的人参果树乃是混沌初分，鸿蒙初判，天地未开之际产成的灵根。"",""师傅领进门，修行在个人。本门法术之精妙还望各位多多领悟。""]"			
1168001	刘洪	2048	1168	22	17	1		"[""做官就是舒服，好过平头百姓奔波操劳。"",""善恶到头终有报，我的报应是快到了。"",""俗话说“左眼跳财，右眼跳灾”，为什么我最近老是跳右眼呢，肯定是跳错了。"",""俺老娘也真是的，好吃好喝伺候着，还总是想东想西！""]"			
1168002	衙役	3032	1168	14	12	0		"[""公堂禁地，闲杂人等不许乱闯。"",""告状的话先把状纸准备好了到堂外排队去，别乱闯。"",""作奸犯科可是要下大狱的。"",""最近大唐国境总有强盗山贼出没，衙门里人手快不够用了。"",""虽有石狮把门，安全还得靠人。""]"			
1168003	衙役	3032	1168	16	14	0		"[""公堂禁地，闲杂人等不许乱闯。"",""告状的话先把状纸准备好了到堂外排队去，别乱闯。"",""作奸犯科可是要下大狱的。"",""最近大唐国境总有强盗山贼出没，衙门里人手快不够用了。"",""虽有石狮把门，安全还得靠人。""]"			
1168004	衙役	3032	1168	23	8	2		"[""公堂禁地，闲杂人等不许乱闯。"",""告状的话先把状纸准备好了到堂外排队去，别乱闯。"",""作奸犯科可是要下大狱的。"",""最近大唐国境总有强盗山贼出没，衙门里人手快不够用了。"",""虽有石狮把门，安全还得靠人。""]"			
1168005	衙役	3032	1168	25	10	2		"[""公堂禁地，闲杂人等不许乱闯。"",""告状的话先把状纸准备好了到堂外排队去，别乱闯。"",""作奸犯科可是要下大狱的。"",""最近大唐国境总有强盗山贼出没，衙门里人手快不够用了。"",""虽有石狮把门，安全还得靠人。""]"			
1170001	高老先生	3030	1170	32	20	1		"[""那猪头总来骚扰我家女儿，这可如何是好。"",""本来我女儿和村里的张小二挺好的，那小伙子人也挺踏实，我们全家都看的顺眼，不知怎么突然变成这样，唉。"",""我那女儿性情乖巧，最会讨爹娘喜欢。"",""择郎嫁女，只需你情我愿。女儿若是真看上那呆子，就随她去吧！"",""那猪头去取经也有些时日了，也不知可曾对我女儿变心？""]"			
1171001	高翠兰	3028	1171	13	9	2		"[""我自己也常会想，我是怎么看上那呆子的，难道真是上天注定#55好想问问月老爷爷是为什么。"",""那个张小二看我的眼神好象很怪。"",""那个呆子丑是丑点，但也算丑的很有特点。"",""爹娘年事已高，祈望他们能平安多福。""]"			
1173001	白鹿精	2046	1173	352	3	2		"[""在我看来神仙都是些唧唧歪歪婆婆妈妈的家伙，真不知道为什么那么多人会崇拜神仙。"",""总算是摆脱了寿星老头的控制，可以自由自在的生活了。"",""我有个远房亲戚，他可是三界的神兽，在长安城天台你就能看见他。"",""南极仙翁那里包吃包住，其实生活也算不错。""]"			
1173001	驿站老板	3307	1173	12	28	0	Transfer				
1173002	玉面狐狸	2059	1173	349	5	1		"[""在世为妖是多么自由阿，为什么要被那些神仙呼来喝去呢？"",""边上这就是我的夫君，别看他现在其貌不扬的，以前可是南极仙翁的坐骑。"",""我表姐可是个公主，听说最近爱上了牛魔王#35""]"			
1173003	刘洪	3038	1173	592	17	3		"[""做官就是舒服，好过平头百姓奔波操劳。"",""善恶到头终有报，我的报应是快到了。"",""俗话说“左眼跳财，右眼跳灾”，为什么我最近老是跳右眼呢，肯定是跳错了。"",""俺老娘也真是的，好吃好喝伺候着，还总是想东想西！""]"			
1173004	李彪	2044	1173	587	20	1		"[""你看上去太瘦了，再怎么有诚意地看着我我也不会吃你的！"",""好多天没吃人肉了，你就委屈一下做我的午餐吧。"",""严肃点！正打劫呢！""]"			
1173005	二当家	2044	1173	608	58	1					
1173006	至尊宝	3054	1173	140	60	0		"[""别人笑我忒疯癫，我笑别人看不穿。"",""晶晶姑娘说，她在我心里留下了一点东西，你说会是什么呢，会不会是…………烤鸡翅膀？"",""我这么有型，晶晶姑娘为什么对我的潇洒形象一点反应也没有呢？"",""长夜漫漫，无心睡眠——少侠你也睡不着啊？""]"			
1173007	天篷元帅	2091	1173	633	5	1		"[""人长得太帅了就是麻烦，所以你千万不要长得像我一样啊！"",""我脑子里怎么有好几个女人的影子，头都痛死了#14"",""为什么当我望向月亮的时候，会莫名其妙的流泪？"",""都说我长得丑，其实我只是美的没有那么明显#17"",""虽说俺老猪是个粗人，但也决不做无情无义之事。""]"			
1173008	姚太尉	2061	1173	322	72	1		"[""人称风度翩翩风流倜傥风靡天下少女的天下第一帅哥就是我们二郎神君。"",""我们二郎神君想要个把女人还不容易，不知怎么偏偏看上了这个不知好歹的小妮子。"",""我们康张姚李四太尉是二郎神手下的四大天王。"",""二郎神的庙宇位于灌江口，那里可是块风水宝地。""]"			
1173009	阿紫	2067	1173	317	71	3		"[""好想告诉那个人我喜欢他，可是又怕……你说我该不该说呢？"",""那么久没有见面我真的好想念他，不知道他是否也这样想念着我呢？"",""为什么，为什么我总感觉冥冥之中有几个声音在耳边，而那声音又那么象我自己？"",""天下最远的距离，不是相隔天涯，而是我就在他身边，他却不知道……"",""我已经心有所属，怎么可能再去喜欢别人呢？"",""有些人一辈子都在骗人，而有些人用一辈子去骗一个人！""]"			
1173010	天兵飞剑	2061	1173	234	57	3		"[""卷帘大将犯了重罪，每七日要受飞剑穿胸之苦！"",""作为执刑官，其实我很不忍心看到犯人受刑的，但是也没办法。"",""自从卷帘大将贬到此地为妖，都很少有行人来往了。"",""流沙河水流尽之时，便是我返乡之日！"",""观音姐姐究竟让卷帘大将在此等候何人？""]"			
1173011	卷帘大将	2092	1173	537	88	1		"[""我若说我不是妖怪，而是天宫中的卷帘大将，你会不会相信？"",""我只不过想做回神仙，过有尊严的日子！"",""谁也无法了解我内心的痛苦和无奈，谁也无法帮助我解脱！"",""我只希望冥冥中的那个声音说的都是真的：它告诉我我总有一天能脱离苦海，叫我耐心等待，可是到底是什么时候才能解脱呢？"",""人生在世孰能无过？不知何时才能洗清这打破琉璃盏的罪过#14"",""与内心的苦痛挣扎相比，流沙河边的寂寞又算得了什么？""]"			
1173012	张猎户	3003	1173	208	102	3		"[""方圆几百里少有人家，倒是常有野兽和一些怪物出没。"",""高老庄附近有头大野猪，很是厉害，我几次都没捉住它。"",""金秋是打猎的好季节，前几天看到头白色的梅花鹿，可惜没带武器，只能眼看着它向着高老庄一带跑走。"",""我不仅善于捕捉猎物，我还擅长驯养动物呢#18"",""不想当裁缝的铁匠不是好猎户#24""]"			
1173013	山贼头子	2045	1173	94	90	2		"[""这里丛林密布，靠近国境，是个立山头的好地方。"",""这年头江湖凶险啊，不如投奔我们吧，保证有吃有喝。"",""行走江湖靠的是拳头和刀枪，没点真本事是闯不出名堂的。"",""站住！打劫脚底板～"",""在江湖上混饭都不容易，重要的是讲义气。"",""山贼不是贼，我和弟兄们可都是绿林好汉。"",""近日西北方向来了个奇怪的僧人，少侠去打探下，看看有何玄机。""]"			
1173014	1号烽火台	2048	1173	544	55	1					
1173015	2号烽火台	2048	1173	572	43	1					
1173016	3号烽火台	2048	1173	614	81	1					
1173017	蛤蟆怪	2022	1173	557	53	3		"[""看什么看，再看我就吃了你#54我现在才吃饱，不要打搅我休息。"",""呱～呱……"",""盘丝岭就在附近，听说洞主是两位美艳的女妖#89"",""少侠是不是看我有点眼熟？没错，东海海底那个是我的双胞胎兄弟。"",""有人想跟我练习蛤蟆功么？这才是真正的飞升技能#107""]"			
1173018	云游僧	3031	1173	350	30	2		"[""山涧挂绿水，源自九重天。"",""游尽三山五岳，遍览四海九洲。"",""下面田里的那对小夫妻带着一身妖气，好象是妖怪。"",""仁者乐山，智者乐水，游历可以怡情养性，豁达心情。"",""云游四方，参破大千世界，无处可去，无处不可去。"",""再往西走便是荒芜凶险之地，少侠可要一路多加保重！""]"			
1173019	水云仙	3042	1173	322	98	0		"[""听风花月下，闲步水云边。"",""附近就是流沙河，听到那滚滚的水声了吗？"",""南瞻部洲地域辽阔，有居家百姓也有草莽野兽，有妖魔鬼怪也有佛道神仙。"",""伊人不可即，怅望水云边。"",""也不知那高老庄高小姐的相思病好了没有？""]"			
1173020	野猪王	2002	1173	483	7	0		"[""我本来以为我就是最大的猪了，可是我居然在这附近见到了一头比我还大的猪，而且它身上散发的气势居然让我不敢接近，这是怎么回事。"",""前面不远就是高老庄。"",""南瞻部洲地域辽阔，有居家百姓也有草莽野兽，有妖魔鬼怪也有佛道神仙。"",""大唐境外那一家人看起来可不像凡夫俗子，是哪个妖怪变的？""]"			
1173021	偷尸鬼	2017	1173	576	24	1		"[""为什么我一直都不能进入轮回，真奇怪，我也想再投胎啊#52"",""你见到鬼不害怕吗？"",""五庄观就在附近，听说镇元大仙正在广招仙族弟子，不过只收男的。"",""盘丝岭近在眼前。可惜她们不招收男弟子#15"",""牡丹花下死，做鬼也风流#18""]"			
1173022	牛将军	2066	1173	87	77	3		"[""南瞻部洲常有野兽出没，路过可要当心了。"",""我家大王最近正在广招门徒，欢迎魔族的有志青年前去，男女不限#51"",""我就是牛魔王座下巡山大将，怎么样，投入我们大王门下吧，绝对没人敢欺负你。"",""少侠可是要去墨家村？往东北方向一直走便是。"",""听说九头精怪要来拜访我家大王，大王特派我在此迎接#43""]"			
1173023	冤魂	2054	1173	602	102	1		"[""那个土地老头真好欺负，下次再去和他玩#43"",""生前再怎么风光，死后还不是一样堕入轮回……"",""冤冤相报何时了？连做鬼都不得清净……""]"			
1173024	强盗头子	2044	1173	562	85	1		"[""这年头江湖险恶啊，不如投奔我们吧，保证有吃有喝。"",""行走江湖靠的是拳头和刀枪，没点真本事是闯不出名堂的。"",""站住！打劫脚底板～"",""在江湖上混饭都不容易，重要的是讲义气。"",""这里丛林密布，靠近国境，是个立山头的好地方。"",""人在江湖漂，哪能不挨刀？"",""告诉你们一个好消息，我们是来抢劫的#18""]"			
1173025	驿站老板	3307	1173	205	27	1	Transfer				
1173026	驿站老板	3307	1173	8	66	0	Transfer				
1173027	超级巫医	3001	1173	408	12	1	CJWY				
1173028	白衣人	0001	1173	233	7	1		"[""人到魔的转变往往就在一念之间。"",""没事的话别在这一带逛，这附近…咳…咳…"",""道，可道，非恒道。名，可名，非恒名。"",""人法地，地法天，天法道，道法自然。"",""给我一双慧眼，让我看清这个纷繁复杂的世界吧！""]"			
1173029	少女	2059	1173	559	104	3		"[""呜…呜…呜，我的命好苦啊。"",""你，你是什么人？！为何总盯着我看？"",""我家相公被老虎叼走了，这位客官，可否带我一程走出这荒山，小女子一定不会忘了您的大恩大德。"",""少侠饿了吗？我这篮子里还有些吃的，请拿去享用！""]"			
1173030	老太婆	3040	1173	536	30	0		"[""你见到我那儿媳妇了吗？她方才给我儿子送饭去了，都走了半天了还没回来。"",""这荒山野岭的，我那儿媳妇可别出了什么事。"",""我那儿媳妇怎么再不回来，我们老两口就要饿死了。"",""哎呀，听我家老头子说，最近山里有强盗出没，好担心我的孩子们啊！""]"			
1173031	老太爷	3030	1173	554	10	1		"[""你见到我家老太婆了吗？"",""我家老太婆找我家儿媳妇去了，怎么两个人去了都不回来？"",""我家老太婆和儿媳妇别是碰上什么野兽或者强盗吧，咳，看我这乌鸦嘴说的！该打！"",""再往西走点就是高家庄啦，你们打从哪里来，又要往哪里去啊？"",""咳~咳~~ 别看我家老太婆如今年事已高，当年可是号称境外一枝花呢#39""]"			
1173032	火焰山土地	3070	1173	238	112	1		"[""这天气真热，几百年了我怎么还是无法习惯呢，真奇怪。"",""上天指定的那个有缘人什么时候能到啊，我实在热的受不了啦。"",""今年这附近的百姓不知什么时候去请罗刹女来降雨，也好凉快两天。"",""哎嗨!火焰山特产，又香又甜的哈密瓜哟，要来一个不？"",""墨家村的秘密，老夫也知之不深。""]"			
1173033	云里雾	2001	1173	282	5	2		"[""此山是我开，此树是我栽，要从此路过，留下买路钱！"",""我就是翠云山巡山小队长，你也是来求雨的吧？供奉带了没有？"",""我家夫人最近出去修炼了，有什么事先告诉我吧。"",""知道我们老大是谁么？大名鼎鼎的圣婴大王是也！怎么样，怕了吧#18"",""流沙河畔地势低洼，水气丰沛，真是云遮雾障神仙境#97""]"			
1173034	南部瞻洲土地	3070	1173	52	15	1	Transfer				
1173035	灵山接引僧	3031	1173	19	100	2					
1173036	土地公公	3070	1173	537	88	1		"[""我在盘丝岭做了五百多年土地了，这里的一草一木我都再熟悉不过，想知道什么问我好了。"",""五百年前，这里曾发生过一段凄美的爱情，如今已落得物是人非。"",""这五百年来，再没出现过孙悟空一样大闹天宫的英雄，也再没出现过紫霞仙子那么率直美丽的女子了。"",""话说似乎有个叫月光宝盒的东西，可带你回到五百年前，去见证那段刻骨铭心的感情。"",""这大唐境外人迹罕至，全是些崎岖小径，因此时常有人在此迷路。""]"			
1173037	少女	3028	1173	562	102	0		"[""我现在郑重宣布，这座山所有的东西都是属于我的，包括你！""]"			
1173038	二当家	2044	1173	608	58	1		"[""年轻人，投奔我们山头，一起做强盗这份有前途的职业如何？"",""帮主不知怎么了，现在经常疯疯癫癫的，还经常把我当成烧饭的#54"",""难道帮主中的就是传说中的七伤拳#24"",""老大要是去当了和尚，我们下面这群小兵可怎么混啊#47"",""年轻人，别太放肆，没什么用#99""]"			
1173039	军需处	2048	1173	153	57	0					
1173040	火中仙	2097	1173	76	55	1		"[""宇宙万物，都由木、火、土、金、水五种基本物质的运动和变化所构成。少侠如有兴趣，可到长安袁天罡之徒处了解五行之道。""]"			
1193001	樵夫	3166	1193	133	22	1		"[""江南野外常有些山野精怪出没，经过的话最好多找几个同伴。"",""那位大姐好象想不开的样子，一直站在河边自言自语。"",""茶摊的那位罗姑娘好象喜欢上了什么人，现在都不喜欢和我说话了#14"",""北面就是京都长安了。"",""生态环境的恶化与滥砍滥伐有着密切的关联，保护大唐绿化事业人人有责啊。"",""要致富，少生孩子多种树#40""]"			
1193002	卵二姐	3028	1193	32	21	0		"[""真不知我前世作了什么亏心事，碰上一个花心的冤家。"",""两相望，费思量，说不思量，偏却思量。"",""我不过是想夫妻两个好好过日子，谁知道这猪头居然喜欢上别的女人！"",""站在这清澈的河边，看那柳枝在微风中轻摆，我忽然觉得内心好平静。""]"			
1193003	罗纤纤	3028	1193	22	90	0		"[""上次的那个书生真是有意思，想说什么又不敢说，城里人都是这么拘束吗？"",""我戴这桃花漂亮吗？"",""这里上去就是繁华的长安城了。"",""世情薄，人情恶，雨送黄昏花易落。"",""灿若桃花的青春，逝似流水的人生……""]"			
1193004	江湖奸商	3027	1193	103	95	1		"[""我这里的商品琳琅满目应有尽有，年轻人想要什么尽管开口。"",""作买卖要讲究“变通”，眼明手快，商场如战场，时机不等人啊。"",""如今梦幻做什么最赚钱？当然是到社区炒房了！我看呐，傲来新开发的海景宅子不错，我得去看看#96""]"			
1193005	王婆	3020	1193	88	106	1					
1198001	程府护卫	2048	1198	128	26	0		"[""府衙禁地，闲杂人等不得入内。"",""这里是天子脚下，太平得很。"",""能拜我们程老爷为师可是一种荣幸呢！"",""程老爷三板斧，你学到第几斧啦？"",""大唐首席弟子之争日趋白热。""]"			
1198002	程府护卫	2048	1198	121	22	0		"[""府衙禁地，闲杂人等不得入内。"",""这里是天子脚下，太平得很。"",""能拜我们程老爷为师可是一种荣幸呢！"",""程老爷三板斧，你学到第几斧啦？"",""大唐首席弟子之争日趋白热。""]"			
1198003	程府护卫	2048	1198	154	41	0		"[""府衙禁地，闲杂人等不得入内。"",""这里是天子脚下，太平得很。"",""能拜我们程老爷为师可是一种荣幸呢！"",""程老爷三板斧，你学到第几斧啦？"",""大唐首席弟子之争日趋白热。""]"			
1198004	程府护卫	2048	1198	88	8	0		"[""府衙禁地，闲杂人等不得入内。"",""这里是天子脚下，太平得很。"",""能拜我们程老爷为师可是一种荣幸呢！"",""程老爷三板斧，你学到第几斧啦？"",""大唐首席弟子之争日趋白热。""]"			
1198005	传送兵	3032	1198	74	42	0	MPCACSR				
1198006	程夫人	3033	1198	31	78	0		"[""我家老程的三板斧据说是在梦中学会的，我才不信呢。"",""现在是太平盛世，百姓安居乐业。"",""我家兄弟当初与老爷并肩作战，现如今也不知身在何处？"",""听说老爷最近要远征歼杀突厥，真担心他的身子。""]"			
1198007	丫鬟	3028	1198	27	76	3		"[""夫人什么时候再上街呢……好想再见那个小哥一面#17"",""我家老爷是开国功臣，现在正在广招门徒。"",""心比天高，命比纸薄。我的人生也会如此么？""]"			
1202001	鬼将军	2076	1202	29	17	1					
1202002	超级巫医	3001	1202	63	102	0	CJWY				
1202003	黑风鬼王	2077	1202	41	102	1					
1202004	小包箱	3302	1202	124	126	1					
1203001	灵山老僧	3075	1203	63	15	1					
1203002	超级巫医	3001	1203	66	126	0	CJWY				
1203003	守门金刚	2093	1203	24	206	1		"[""我天天在这里等着取经人，佛祖说了，那几位天命取经人到达灵山的时候，也就是我放假的时候了，真期待呀。"",""你不会就是佛祖说的天命取经人吧？看起来不象啊，怎么这么快就到了，根据我的推断，至少还要500年才能到啊。"",""你问我在干什么？我当然是在参悟佛法了，别看我在抖脚，其实我在思索轮回的问题，没事不要打搅我。"",""“保护觉正净，退除迷邪染。”这就是我的职责所在。"",""我乃侍从力士，手持金刚杵，因以为名。""]"			
1203004	守门金刚	2093	1203	40	213	1		"[""我天天在这里等着取经人，佛祖说了，那几位天命取经人到达灵山的时候，也就是我放假的时候了，真期待呀。"",""你不会就是佛祖说的天命取经人吧？看起来不象啊，怎么这么快就到了，根据我的推断，至少还要500年才能到啊。"",""你问我在干什么？我当然是在参悟佛法了，别看我在抖脚，其实我在思索轮回的问题，没事不要打搅我。"",""“保护觉正净，退除迷邪染。”这就是我的职责所在。"",""我乃侍从力士，手持金刚杵，因以为名。""]"			
1204001	阿傩	3076	1204	62	98	1		"[""不要以为迦叶真的领悟了佛祖捻花而笑的意思，那家伙不过在苦笑罢了，因为他不明白，佛祖他居然误会了。"",""相由心生,镜由心生.菩提自性,见性成佛"",""经可不是随便说取就取的，得拿东西来换。当年众比丘圣僧下山，曾将经书在舍卫国赵长者家与他诵了一遍，保他家生者安全，亡者超脱，只讨得他三斗三升米粒黄金回来，佛祖还说他们收少了呢。"",""别看我已出家，当年我可是很有女人缘的哦...不信啊，你可以问问佛祖。"",""当年本尊者就是以多闻著称，天下八卦都尽在掌握之中。""]"			
1204002	迦叶	3077	1204	80	109	1		"[""佛祖捻花而笑，意为心中无牵无挂，你明白了没有？"",""你就是传说中的天命取经人？想取经是可以，不过不能白取，你可有什么物事拿来换啊？当年众比丘圣僧下山，曾将经书在舍卫国赵长者家与他诵了一遍，保他家生者安全，亡者超脱，只讨得他三斗三升米粒黄金回来，佛祖还说他们收少了呢。"",""最近佛祖总不派我出去办事，闷在这里快憋死了，真是无聊。"",""苦行在我看来算不得什么，反而感到很快乐。少侠你的快乐呢？"",""正法的毁灭，不在于天魔外道的破坏，而来自内部的腐化和崩溃，严肃点！！""]"			
1204003	护法罗汉	3075	1204	134	33	1		"[""酒肉穿肠过，佛祖心中留，只要你心中有佛祖日行一善，平时吃点肉食是没关系的"",""几千年了，终于等到了，你就是那个传说中的天命取经人？"",""佛祖今日不在，你要有事可以找迦叶尊者。"",""现在算算，我们已经有十六罗汉啦，少侠你可知道？"",""罗汉者，六根清净，五明烦恼已断，了脱生死，证入涅槃。""]"			
1204004	护法罗汉	3075	1204	152	41	1		"[""酒肉穿肠过，佛祖心中留，只要你心中有佛祖日行一善，平时吃点肉食是没关系的"",""几千年了，终于等到了，你就是那个传说中的天命取经人？"",""佛祖今日不在，你要有事可以找迦叶尊者。"",""现在算算，我们已经有十六罗汉啦，少侠你可知道？"",""罗汉者，六根清净，五明烦恼已断，了脱生死，证入涅槃。""]"			
1204005	护法金刚	3077	1204	150	16	1		"[""你是来取经的吗？先去找迦叶登记吧，我背上痒着呢，不和你说了，我挠挠去。"",""天天站在这里人都快闷死了，什么时候再出个猴子闹下天宫我也跟去出去看看热闹。"",""其实取不取经并不重要，关键是看人心，佛祖要人取经的意义你明白吗？"",""一切的妖魔鬼怪和害人精，都是我清理的对象！"",""要想从此过，得先问问我的金刚杵同意不同意！""]"			
1204006	护法金刚	3077	1204	169	25	1		"[""你是来取经的吗？先去找迦叶登记吧，我背上痒着呢，不和你说了，我挠挠去。"",""天天站在这里人都快闷死了，什么时候再出个猴子闹下天宫我也跟去出去看看热闹。"",""其实取不取经并不重要，关键是看人心，佛祖要人取经的意义你明白吗？"",""一切的妖魔鬼怪和害人精，都是我清理的对象！"",""要想从此过，得先问问我的金刚杵同意不同意！""]"			
1204007	丹青生	3022	1204	21	94	1					
1204008	超级巫医	3001	1204	85	125	1	CJWY				
1208001	朱紫校尉	3068	1208	139	99	1					
1208002	朱紫侍卫	3068	1208	81	11	1					
1208003	朱紫侍卫	3068	1208	22	4	1					
1208004	紫阳药师	3002	1208	145	37	3					
1208005	药店伙计	3021	1208	127	23	1					
1208006	酒店伙计	3021	1208	34	38	0					
1208007	超级巫医	3001	1208	8	88	1	CJWY				
1208008	申太公	3030	1208	74	14	0					
1208009	端木娘子	3020	1208	97	7	3					
1208010	豆蔻囡囡	3028	1208	150	6	0					
1208011	小囝囝	3029	1208	153	4	2					
1208012	仓库管理员	3027	1208	126	90	2					
1209001	朱紫国王	3070	1209	67	34	1					
1209002	阿米国师	3076	1209	55	34	3					
1210001	红孩儿	2158	1210	177	35	1					
1210002	超级巫医	3001	1210	99	62	0	CJWY				
1210003	布识陆	3022	1210	165	85	1					
1210004	有来有去	2102	1210	108	108	2					
1218001	马侍封	3009	1218	25	33	1					
1218002	小迪	3097	1218	75	34	1					
1218003	尹孝乾	3096	1218	17	67	1					
1218004	莫夫人	3095	1218	74	79	0					
1218005	莫爷爷	3094	1218	37	109	1					
1218006	巨子	3093	1218	34	150	1					
1221001	机关人	2111	1221	18	99	0					
1221002	超级巫医	3001	1221	131	69	1	CJWY				
1228001	碗子山土地	3070	1228	26	18	1					
1228002	超级巫医	3001	1228	85	126	1	CJWY				
1229001	超级巫医	3001	1229	54	96	1	CJWY				
1229002	黄袍老怪	2073	1229	13	92	1					
1229003	百花公主	3061	1229	23	43	0					
1501001	陈长寿	3002	1501	219	123	0	LANGZHONG	"[""这建邺小城真是风景如画。"",""十级以下的新人我可以为你免费治疗伤势。"",""我是行走江湖的郎中，治病救人是我份内之事。"",""我是建邺城最精通医药之术的人。"",""少肉多菜，少烦多眠，少欲多施，方能长寿。""]"			
1501002	老孙头	3009	1501	223	133	1		"[""几年前一次台风，这里沉了不少船，东海湾那里常年有个旋涡，沉掉的船都在下面。要下沉船，从海边的旋涡那潜下去即可。"",""要下沉船，从海边的旋涡那潜下去即可。"",""这几年风调雨顺，老百姓的日子过得都很富足，只是城外野兽横行，常有外出的百姓受到骚扰。""]"			
1501003	装备收购商	3018	1501	242	119	1					
1501004	装备鉴定商	3018	1501	250	116	1	ZBJDS				
1501005	牛大胆	3045	1501	230	109	1		"[""驱鬼除妖测字算命啦，前算五百年，后算五百年。"",""这位朋友面带福相，印堂发亮，想是遇到什么喜事了吧。"",""我就是英俊潇洒玉树临风嫉恶如仇斩妖除魔的方寸第一道士牛大胆！#51"",""城里的渔夫出海打渔之前，都爱到我这里算上一卦。"",""求神问卦，看人说话。这位你可要来让我瞧瞧？""]"			
1501006	罗招弟	3019	1501	220	115	3		"[""建邺越来越热闹了。"",""最近城外出了不少凶猛野兽，出城最好找人结伴，以免丢了性命啊。"",""低于10级的新手玩家可不能从这里通过哦。"",""建邺城临海，海风时常会吹来好多宝贝#89""]"			
1501007	海产收购商	3165	1501	230	131	0					
1501008	超级巫医	3001	1501	210	99	0	CJWY				
1501009	王大嫂	3020	1501	141	131	1		"[""听到过京城的人说，城里到处是亭台楼阁，红砖绿瓦，连皇上都住在那儿，真想去见识一下。"",""瞧一瞧看一看，新鲜出炉的烤鸭#51"",""我丈夫出海死了，现在我也只好出来摆摊赚钱来养活我那两个孩子。"",""城北的海湾常有大风浪，岸边那艘沉船，也不知道是哪个年月遇到了大风浪沉在那里的。"",""无鸭不成席。来到建邺，你可一定得尝尝我家的烤鸭！"",""飞儿可真是个懂事的孩子，年纪轻轻就挑起了全家的重担。""]"			
1501010	勾魂马面	2053	1501	101	132	1					
1501011	飞儿	3019	1501	105	107	1		"[""上等面粉蒸出来的包子，客官想要几个。"",""建邺虽小，可也是样样齐全，什么都有#2货栈边上那个王大嫂做的烤鸭真是好吃。"",""包子有肉不在褶上,肚里有货不在嘴上。""]"			
1501012	吹牛王	3018	1501	90	111	0		"[""嘘——千万不要告诉他们我爱吹牛啊，这会影响我形象的！"",""周猎户最喜欢和我拉家常了，他就住在药店边上。"",""天上有只牛在飞，一定是我在地上吹。"",""我如果说我现在说的是假话，你相信么？"",""人生最痛快的事莫过于和周猎户一起喝点小酒了！""]"			
1501013	戏班老板	3024	1501	86	114	1		"[""我们是远近闻名的草台班子，南腔北调昆腔越剧流行歌曲您想听什么都有。"",""真是太平盛世啊，老百姓衣食无忧，闲暇时间还是多听听戏吧。"",""听戏可是人生一大乐趣啊～#51"",""好消息！最近老夫请到了京城梨园名角前来献艺，机会难得，各位可千万别错过了！"",""一到戏台开演的日子，建邺城总是万人空巷。""]"			
1501014	宠物仙子	3061	1501	63	115	1		"[""你可以在这里领养#R宠物#n，宠物可以在战斗中#R捕捉召唤兽#n为你作战。""]"			
1501015	技能指导师	3011	1501	72	83	1		"[""那个马全有的货还真多，连我妻子想吃的酸枣居然都有，真是什么都有啊。"",""学习武艺是为了强身健体、除暴安良。有谁恃强凌弱、心术不正，必为正派人士所不容。"",""三界中的十二大门派都在广招门徒，不过每人只能选择一个，连叛师的机会都没有呀。"",""想要了解各个门派的法术动画效果，可以去左边人魔仙三族使者处点击观看#43"",""吾日三省吾身也，少侠也要如此啊！""]"			
1501016	教书先生	3022	1501	78	90	1		"[""我是城里的教书先生，如果你不清楚接下来做些什么，我可以给你一些建议。"",""黑发不知勤学早，白首方悔读书迟。少侠可不要荒废了学业!"",""在我教过的学生里，雷黑子是最刻苦上进的一个。""]"			
1501017	张来福	3015	1501	87	74	0					
1501018	赵捕头	3032	1501	116	71	1		"[""现在是太平盛世，百姓安居乐业，少有作奸犯科之人。"",""吹牛王整天在戏班听戏不给钱，这种算不算是刁民呢#55"",""建邺城一直都很安定，我们捕头倒也清闲。"",""老夫年纪大了，查案这种事还是交给年轻人去做比较合适。"",""那迎客僧无所不知，帮助老夫解决了不少悬案啊！""]"			
1501019	建邺特产商人	3005	1501	82	66	0					
1501020	超级巫医	3001	1501	104	56	0	CJWY				
1501021	仓库管理员	3027	1501	54	32	0					
1501022	老胡	3018	1501	51	31	0					
1501023	刘老爹	3025	1501	37	26	0		"[""建邺虽然地方小了点，但是很安全。新人看病或者召唤兽治疗都不收钱。"",""靠近东海湾城门那有个陈长寿心肠很好，新人看病从来不收钱，召唤兽医生也从来不收新人的钱。"",""东海湾一带有些小怪物出没，路过的话可要当心，最好组几个人一起走安全点。"",""10级以下的小朋友们多在城里逛逛吧！不过遇到陌生人要多加小心，不要随便和他们说话。"",""要是在东海海底找不到回来的路也不用着急，那有个蟹将，给他一个包子就能送你回来啦！""]"			
1501024	马全有	3003	1501	53	49	1		"[""求老天保佑，早些除去城外的野兽，免得我们出城还要提心吊胆。"",""我是专门走南闯北倒卖货物的商人。"",""听说这里有种动物的毛能治小儿惊风，此次我是特地来这收这货物的。"",""您要点什么，下次我给您带来。"",""天南地北的特产我这都有，就连地府的东西我也能搞到。"",""衙门里的简师爷平日里深居简出，低调得很。""]"			
1501025	迎客僧	3049	1501	8	55	0		"[""善哉善哉，佛祖有云：“一人出家，全家光荣”，这位施主看似颇有慧根，应该及早皈依我佛门才是啊。"",""不知上次赵捕头有没有记得帮我替我带香烛回来。"",""师傅常说，“心静则万事静，心清则万事清”，我特地到这个清静的小城来体验生活。"",""不要问我从何而来，我站在这就是神仙一样的存在。"",""和尚越老越值钱#18""]"			
1501026	管家	3021	1501	32	87	0		"[""这是李老爷的府上，在这个小城里，我们老爷可是知名度最高的人了。"",""我家老爷最近病的厉害，医生怎么查也查不出是什么原因。"",""当个管家也不容易呀，每天忙里忙外，什么杂七杂八的事情都得打点。"",""人说做一次善事容易，做一辈子善事就难咯，在这点上我是万分钦佩我家老爷的。"",""建邺城啥时才能开个长安城那样的赌坊呢#89""]"			
1501027	符全	3011	1501	19	92	0		"[""最近天气很好，海上没有大风浪。"",""城外东海湾附近常有怪物出没，路过那里可要小心。"",""咱家李善人老爷最近身体不适，我得去药店寻个方子。"",""听说戏班老板请了京城的梨园弟子前来献艺，一定得去捧个场。""]"			
1501028	建邺守卫	3032	1501	13	6	1	Transfer				
1501029	好友推荐人	3029	1501	200	52	0					
1501030	幸运使者	3006	1501	83	103	0					
1501031	小花	3061	1501	207	37	0		"[""听说最近长安的集市热闹得很，过些天可要去看看。"",""听说东海里有数不尽的宝贝……"",""货栈边上那个王大嫂做的烤鸭真是好吃。"",""又快过冬了，得为咱家孩子添置几件棉袄了。"",""面对世俗偏见，有情人终成眷属真的不容易#52""]"			
1501032	赵元宝	3024	1501	228	64	0		"[""建邺虽然小，可是什么都不缺。"",""前几天去了趟长安城，城里的过往客商可真多。"",""建邺的风景还不错吧。"",""老孙头最近好象有什么心事的样子，整天皱着个眉头在自言自语。"",""俗话说无奸不商，如今像我这样清白做生意的商人可真是少见了啊#17"",""建邺城可谓麻雀虽小，五脏俱全。长安城有的，你在这都能找到#43""]"			
1501033	推广登记员	3008	1501	10	77	0					
1501034	雷黑子	3023	1501	73	10	1		"[""城里有位好心的郎中陈长寿，给新人看病从不收银子。他一般都在去东海湾的城门口附近摆摊看病。"",""我经常去找宠物仙子姐姐玩，她那里有好多可爱的小动物，上次还送了我一只做宠物呢#43"",""城里什么都好，就是小伙伴太少。想去江南野外玩，妈妈又不让，说那里的怪物太凶，没一定的修为去了很危险。"",""人之初，性本善，性相近，习相远。""教书先生今天教的三字经，我一定得背熟。 "",""建邺城里最好吃的就是马氏酸枣了#89""]"			
1501035	人族使者	3006	1501	206	23	1					
1501036	魔族使者	3053	1501	205	28	1					
1501037	仙族使者	3042	1501	191	34	1					
1501038	游戏角色绑定使者	3045	1501	140	25	0					
1501039	追忆前缘新手指引	3042	1501	273	32	1					
1502001	武器店掌柜	3009	1502	7	8	0	ShopWQDZG	"[""瞧一瞧看一看了，我这里的武器最适合新人使用了。边上的老板出售高级一点的兵器，购买时请看清楚物品等级，别买错了哦#2"",""瞧一瞧看一看了，我这里的武器最适合新人使用了。边上的老板出售高级一点的兵器，购买时请看清楚物品等级，别买错了哦#2"",""长安武器店专卖0级和20级武器，0级和10级的武器则在建邺城出售。少侠记住了没#1""]"			
1502002	武器店老板	3003	1502	10	10	0	ShopWQDLB	"[""客官想要什么兵器？"",""行走江湖不能两手空空，来挑一件趁手的兵器吧。"",""这里的风景还不错吧。"",""少侠是来选购兵器的吧？请慢慢挑选，务必看清楚名称哦！""]"			
1502003	打铁炉	3301	1502	25	9	1	MakeFurnace				
1503001	服装店老板	3010	1503	17	12	1		"[""小店的服饰都是请城里的裁缝精心裁剪的，做工绝对没有问题。"",""城里的老少都穿我卖的衣服。"",""布匹又快用光了，过两天得去城里进货。"",""本店服装纯手工制作，随便看看吧。""]"			
1503002	裁缝台	3305	1503	27	12	1	MakeSewing				
1504001	药店老板	3002	1504	22	13	1	ShopYD	"[""城里有位好心的郎中陈长寿，看病从不收银子，他一般都在去东海湾的城门口附近摆摊看病。"",""拉肚子，选好药，选药也要有诀窍。"",""客官需要什么药？"",""俗话说“对症下药”，这药可是不能乱吃的。"",""佛手可以去长安、西梁女国和朱紫国的药店买哦。"",""药材好，药才好。""]"			
1505001	杂货店老板	3001	1505	36	13	1	ShopZHD	"[""这里出售宠物喜欢的口粮，不要让你的宠物饿肚子哦。"",""建邺里一年四季温暖如春。"",""客官想买其他杂货可以去城里看看。"",""洞冥草可以解除摄妖香的效果，你记住了吗#1""]"			
1506001	玉面公主	2059	1506	92	111	1		"[""东海湾这风景真不错，是个散心的好地方。"",""宠辱不惊，闲看庭前花开花落；去留无意，漫随天外云卷云舒。"",""大王许久未来看我了，不会是和那个贱人旧情复燃了吧。"",""我是小三我怕谁#39"",""没有爱情的婚姻也是不道德的，少侠你认为呢#17""]"			
1506002	楚恋依	3061	1506	53	81	1		"[""从这里过去可以到建邺，那里的风景很不错的。"",""东海湾常有怪物出没，可要小心。"",""长安城里的集市很热闹的，有机会一定要去看看。"",""东海边的林老汉可以带你去东海岩洞，那里能遇到海毛虫哦#40"",""东海之水，载不动我沉沉的依恋。""]"			
1506003	牛二	3024	1506	60	48	0		"[""东海湾风景不错，就是经常有怪物出没，最好找些伙伴一起来。"",""要下东海的话要绕道右上角，请龙宫的老虾送你一程。"",""前些年这里沉了条船，从海边的旋涡下去就能看到那条沉船。"",""到了沉船可要小心，坚持不住了就找虾精把你送回安全的地方，切记切记。"",""在天下的牛家人里我排行老二，牛魔王还得叫我声哥呢#17""]"			
1506004	海盗头子	2044	1506	21	18	0		"[""靠山吃山，靠海吃海。"",""这年头江湖凶险啊，不如投奔我们吧，保证有吃有喝。"",""行走江湖靠的是拳头和刀枪，没点真本事是闯不出名堂的。"",""在江湖上混饭都不容易，重要的是讲义气。"",""想要做个合格的海盗，不会游泳可不行。"",""靠山吃山，靠水吃水，今天抢劫，不许不给，谁要反抗，让他见鬼。""]"			
1506005	林老汉	3030	1506	85	33	1					
1506006	老虾	2062	1506	113	88	0	Transfer				
1506007	船夫	3307	1506	62	19	0	Transfer				
1506008	超级药师	3030	1506	82	13	0					
1506009	超级巫医	3001	1506	100	21	0	CJWY				
1506010	传送兵	3307	1506	13	79	1					
1507001	蛤蟆怪	2022	1507	59	36	1	Transfer	"[""这附近有条沉船，听说上面有不少宝贝#89"",""你是怎么下来的#24现在的人胆子越来越大了。"",""海边经常刮飓风，还是呆在这里安全。""]"			
1508001	妖风	2077	1508	54	47	1		"[""老子来去如风，你可别想抓到我！""]"			
1508002	虾精	2062	1508	15	62	1	Transfer				
1509001	商人的鬼魂	2055	1509	28	11	1		"[""哇，这艘船沉了多少年了，想不到还有人能找来。"",""我要投胎……"",""你问我为什么不走，不，我要守着这艘船，舱里还有我花大价钱买进的珠宝，那才是我的命啊。"",""别看这沉船黑咕隆咚，各种珍奇宝贝可不少。""]"			
1512001	守门牛妖	2066	1512	23	31	1		"[""我们寨主就是人称平天大圣的牛魔王！"",""别看齐天大圣厉害，见到我们大王还不一样得叫大哥！"",""我们大王正在和九头虫喝酒呢。"",""加入魔王寨，保你有吃有喝，没人敢再欺负你。"",""自从大王修炼出了五火神焰印，我们寨子一下就人丁兴旺起来了#89""]"			
1512002	守门牛妖	2066	1512	37	20	1		"[""我们寨主就是人称平天大圣的牛魔王！"",""别看齐天大圣厉害，见到我们大王还不一样得叫大哥！"",""我们大王正在和九头虫喝酒呢。"",""加入魔王寨，保你有吃有喝，没人敢再欺负你。"",""自从大王修炼出了五火神焰印，我们寨子一下就人丁兴旺起来了#89""]"			
1512003	引路小妖	2001	1512	84	75	1					
1513001	女妖	2009	1513	111	49	1		"[""盘丝洞几百年的规矩，不许男人入住，连收徒也只收女弟子。"",""晶晶姑娘又发脾气了，把犯了门规的小妖挂在洞外七天七夜，差点咽了气。"",""金琉璃最近老带着些人类女孩进进出出的，不知道在搞什么名堂。"",""我已修行了千年，为何还未成仙？"",""濯垢泉乃天然温泉，是姐妹们美容养颜的好去处#97""]"			
1513002	栗栗儿	2059	1513	77	73	2		"[""这是什么地方，我怎么会在这里？"",""我娘找不到我一定担心死了。"",""村里的姐妹们都被妖怪抓去害死了，我好害怕。"",""雨花桥边的芦花，不知是否已经飘飞？"",""当我站在雨花桥边，觉得非常难过，我总觉得，应该是两个人站在这里。""]"			
1513003	金琉璃	2015	1513	73	75	0		"[""我一直想验证一下，佛光中炼成的宝物，是不是也可以用恶魔之心加以感化呢？"",""我从何处而生？又要去往何处？"",""为什么，为什么我总感觉冥冥之中有几个声音在耳边，而那声音又那么象我自己？"",""什么？你找女儿村的小姑娘？不认识！我从未去过女儿村！！""]"			
1513004	超级巫医	3001	1513	47	107	0	CJWY				
1513005	引路小妖	2011	1513	180	132	1					
1513006	看门小妖	2010	1513	173	124	1		"[""我们洞主就是人称魔界一枝花的性感又感性的美女～春十三娘"",""最近总在附近发现一些人类的骸骨，不知道又是谁吃东西没清理好。"",""金姑娘就喜欢在亭子那里用餐，说是那里风景好，吃东西就吃东西，还用选什么风景。"",""想拜见我们洞主么？找我就对了！"",""盘丝岭的夕阳远望可谓梦幻中最美的风景。""]"			
1513007	看门小妖	2010	1513	187	116	1		"[""我们洞主就是人称魔界一枝花的性感又感性的美女～春十三娘"",""最近总在附近发现一些人类的骸骨，不知道又是谁吃东西没清理好。"",""金姑娘就喜欢在亭子那里用餐，说是那里风景好，吃东西就吃东西，还用选什么风景。"",""想拜见我们洞主么？找我就对了！"",""盘丝岭的夕阳远望可谓梦幻中最美的风景。""]"			
1523001	当铺老板	3005	1523	22	10	1		"[""客官有什么放不下的东西，就当在这里好了，比如衣服啊帽子啊珍珠翡翠月光宝盒什么的。典当和赎回的价格可不一样哦#2"",""什么是当当当当当？就是当你要当东西的时候当然要当给我,典当和赎回的价格可不一样哦#2"",""手头紧的话，可以把东西先当在这里换点银子。典当和赎回的价格可不一样哦#2"",""东当铺，西当铺，东西当铺当东西，少侠可要记得常来查看你在此典当之物#43"",""现在的小偷非常狡猾，常在情急之下将赃物在此典当。少侠若是被盗，可要记得先来此查看！""]"			
1524001	钱庄老板	3004	1524	32	14	1		"[""银两带在身上会有强盗打劫，还是存在钱庄里保险。身上携带的金钱以及钱庄所存银两上限与人物等级有着密切的关联。等级越高，能携带及存入的金钱数就越高。如果在线时携带的金钱数或者钱庄的存款数量超过等级限制，下线后会被系统扣除的哦#2"",""存钱无息，但是可以保值嘛。如果在线时携带的金钱数或者钱庄的存款数量超过等级限制，下线后会被系统扣除的哦#2"",""现在有钱的人越来越多了。如果在线时携带的金钱数或者钱庄的存款数量超过等级限制，下线后会被系统扣除的哦#2"",""钱乃身外之物。多余的银两放我这里就对了，我们为您提供了多种存取方式！"",""本钱庄是连锁经营，为给各位寻个方便，在建邺城、傲来国和长寿村还各设有一家分店。不同的地点，为你提供同样优质的服务！#39""]"			
1526001	周猎户	3011	1526	22	15	1		"[""最近都打不到什么猎物，日子还怎么过啊，老婆说再这样下去，就得考虑让我进京城打工了。"",""城外的野兽倒不少，可都是凶猛无比，真是恐怖啊！"",""如今外出打猎要带一包袱的草药，都搞不清是谁打谁了。"",""进山不怕虎伤人，下海不怕龙卷身。没有胆量是做不得猎人的。"",""自从建邺城开了新城门，经由我家门口去东海确实方便了许多。""]"			
1528001	法明长老	3031	1528	26	18	3		"[""众生皆有佛性在，只看沉迷浅与深。"",""得即是失，失即是得，世事本是过眼烟云，不必太过看重。"",""阿弥陀佛，施主还在留恋世俗红尘吗？"",""苦海无边，回头是岸。"",""随心、随缘、随性。"",""一念愚即般若绝，一念智即般若生。""]"			
1528002	慧明	3049	1528	12	14	0		"[""法明长老的病情越来越重了，这可如何是好……"",""得即是失，失即是得，世事本是过眼烟云，不必太过看重。"",""施主是来上香的吗？"",""一花一世界，一叶一如来。"",""身心清净方为道，退步原来是向前。""]"			
1534001	李善人	3026	1534	11	10	0					
1537001	贸易车队总管	3026	1537	8	12	1		"[""我已经不再年轻了，但我喜欢帮助有志向有作为的年轻人。"",""钱财本是身外之物，能用来济世行善是最好不过。"",""小城人都说我家产万贯，良田万顷，其实我也不过白手起家，年轻人要有所成就，还要靠自己多努力啊。"",""日行一善，积善成德。"",""老夫虽膝下无子，但这万贯家财我已找到了继承人。""]"			
1537002	衙役	3032	1537	19	16	0		"[""公堂禁地，闲杂人等不许乱闯。"",""告状的话先把状纸准备好了到堂外排队去，别乱闯。"",""作奸犯科可是要下大狱的。"",""最近大唐国境总有强盗山贼出没，衙门里人手快不够用了。"",""虽有石狮把门，安全还得靠人。""]"			
1537003	衙役	3032	1537	25	19	0		"[""公堂禁地，闲杂人等不许乱闯。"",""告状的话先把状纸准备好了到堂外排队去，别乱闯。"",""作奸犯科可是要下大狱的。"",""最近大唐国境总有强盗山贼出没，衙门里人手快不够用了。"",""虽有石狮把门，安全还得靠人。""]"			
1537004	衙役	3032	1537	26	13	2		"[""公堂禁地，闲杂人等不许乱闯。"",""告状的话先把状纸准备好了到堂外排队去，别乱闯。"",""作奸犯科可是要下大狱的。"",""最近大唐国境总有强盗山贼出没，衙门里人手快不够用了。"",""虽有石狮把门，安全还得靠人。""]"			
1537005	衙役	3032	1537	33	16	2		"[""公堂禁地，闲杂人等不许乱闯。"",""告状的话先把状纸准备好了到堂外排队去，别乱闯。"",""作奸犯科可是要下大狱的。"",""最近大唐国境总有强盗山贼出没，衙门里人手快不够用了。"",""虽有石狮把门，安全还得靠人。""]"			
1537006	建邺县令	3008	1537	30	19	1		"[""不能体恤民情的官不是好官。"",""公平公正，廉洁高效，这词不错，明儿粉到墙上去。"",""公堂之上，岂容喧哗。""]"			
1537007	简师爷	3306	1537	26	21	0		"[""这日子有点太平过头了，半个月来一个告状的都没有。"",""我们建邺城北门附近，有个有名的郎中叫陈长寿，他可以帮新朋友进行免费治疗。"",""我们这里可是清水衙门，不收礼的。"",""作奸犯科之事，衙门绝不会放过。"",""清廉方正，一心为民，为官之道也。""]"			
1116001	龙宫传送人	2063	1116	113	55	1	MPCACSR				
1116002	万圣公主	3042	1116	20	64	1		"[""小白龙真是个傻瓜，本公主略施小计就把他整的一点脾气也没有。"",""九头虫怎么还不回来，不知道事情办妥了没有。"",""龙族的法术玄妙无比，要苦心修习方能领悟。"",""龙宫纵有千万般好处，可还是比不上我的乱石山碧波潭。""]"			
1116003	蛤蟆头领	2022	1116	148	57	0		"[""在海里呆得久了，想到陆地上走走。"",""龙王正在广招门徒，这几天来拜师的人越来越多了。"",""龙宫里有数不尽的宝贝，有机缘之人才能得到。听巡逻虾兵说附近来了条小龙，不过好象鬼鬼祟祟的，莫非有什么企图不成？"",""咱龙王老爷就在我身后的大殿里，不过可不是什么人都能进去的！""]"			
1116004	小龙女	2024	1116	97	72	2		"[""我爹爹只不过改了下雨的时辰点数就被斩首了，真不甘心！"",""我一定要用袁守诚的人头祭祀我父王。""]"			
1116005	龟太尉	2064	1116	53	98	2		"[""有志青年应该投奔我龙宫，及早谋个好前程啊。"",""整天就是在这里看门，真是没什么意思，不过真让我休息的话我也还是找个地方待着睡觉。"",""千年王八万年龟，我今年已经一万零八岁了。"",""学游泳，找我就对了，价格实惠，包学包会#39"",""这太尉不过是个有名无实的闲职罢了！""]"			
1116006	龟千岁	2064	1116	98	58	1		"[""大家叫我龟千岁，可我看起来还是那么年轻吧？"",""在海里呆得久了，想到陆地上走走。"",""龙族的法术玄妙无比，要苦心修习方能领悟。"",""龙宫里有数不尽的宝贝，有机缘之人才能得到。"",""生蚝肉怎么这么好吃#89 "",""年纪越大，越容易犯低级错误#76""]"			
1116007	虾将军	2062	1116	195	28	0		"[""有志的仙族青年应该投奔我龙宫，及早谋个好前程啊。"",""海底地形复杂，当心可别迷了路。"",""最近宫里丢了颗定颜珠，千岁正发愁呢。"",""论智慧我比蟹将军高那么一点点，可是他比我多了好多手脚，所以比我升的快。"",""八只脚，抬面鼓，两把剪刀鼓前舞，生来横行又霸道，嘴里常把泡沫吐。少侠猜猜是谁？#86"",""不想当龙虾的虾不是好虾#40""]"			
1116008	蟹将军	2063	1116	32	16	1		"[""有志的仙族青年应该投奔我龙宫，及早谋个好前程啊。"",""最近宫里丢了颗定颜珠，千岁正发愁呢。"",""海底地形复杂，当心可别迷了路。"",""一只羊在吃草，一只狼在旁边过，但没吃羊，少侠可知这个谜语说的是谁#40"",""前几日一只螃蟹爬出蒸锅说“我热”，我愤怒的教导他，想红就给我忍着点#4""]"			
1116009	蛤蟆勇士	2022	1116	196	99	3		"[""有志青年应该投奔我龙宫，及早谋个好前程啊。"",""我这出去就是海底的迷宫了，里面有不少怪物，最好结伴而行。"",""没事别老找我说话，找那老龟吧，他喜欢侃。"",""嘿哟嘿哟！强身健体，为我龙宫健康工作一万年！"",""真的蛤蟆勇士，敢于直面先天的缺陷。""]"			
1116010	虾兵	2062	1116	204	97	3		"[""龙宫的宝贝真是多啊，随便偷得一两件拿到外面来卖都能发笔横财。"",""瞧一瞧看一看了，东海龙宫宝贝大展销啦#51"",""三界之间的恩怨情仇，从来就和我们这种小角色无关#109""]"			
1116011	虾兵	2062	1116	191	104	3		"[""龙宫的宝贝真是多啊，随便偷得一两件拿到外面来卖都能发笔横财。"",""瞧一瞧看一看了，东海龙宫宝贝大展销啦#51"",""三界之间的恩怨情仇，从来就和我们这种小角色无关#109""]"			
1116012	虾兵	2062	1116	203	30	0		"[""龙宫的宝贝真是多啊，随便偷得一两件拿到外面来卖都能发笔横财。"",""瞧一瞧看一看了，东海龙宫宝贝大展销啦#51"",""三界之间的恩怨情仇，从来就和我们这种小角色无关#109""]"			
1116013	虾兵	2062	1116	189	23	0		"[""龙宫的宝贝真是多啊，随便偷得一两件拿到外面来卖都能发笔横财。"",""瞧一瞧看一看了，东海龙宫宝贝大展销啦#51"",""三界之间的恩怨情仇，从来就和我们这种小角色无关#109""]"			
1116014	虾兵	2062	1116	23	18	1		"[""龙宫的宝贝真是多啊，随便偷得一两件拿到外面来卖都能发笔横财。"",""瞧一瞧看一看了，东海龙宫宝贝大展销啦#51"",""三界之间的恩怨情仇，从来就和我们这种小角色无关#109""]"			
1116015	虾兵	2062	1116	38	11	1		"[""龙宫的宝贝真是多啊，随便偷得一两件拿到外面来卖都能发笔横财。"",""瞧一瞧看一看了，东海龙宫宝贝大展销啦#51"",""三界之间的恩怨情仇，从来就和我们这种小角色无关#109""]"			
1116016	虾兵	2062	1116	46	96	2		"[""龙宫的宝贝真是多啊，随便偷得一两件拿到外面来卖都能发笔横财。"",""瞧一瞧看一看了，东海龙宫宝贝大展销啦#51"",""三界之间的恩怨情仇，从来就和我们这种小角色无关#109""]"			
1116017	虾兵	2062	1116	60	103	2		"[""龙宫的宝贝真是多啊，随便偷得一两件拿到外面来卖都能发笔横财。"",""瞧一瞧看一看了，东海龙宫宝贝大展销啦#51"",""三界之间的恩怨情仇，从来就和我们这种小角色无关#109""]"			
1117001	东海龙王	3074	1117	34	20	1	Teacher	"[""龙宫里有数不尽的宝贝，有机缘之人方能得到。"",""龙族的法术玄妙精深，要苦心修习方能领悟。"",""修行贵在用心领悟，切忌轻浮自满。"",""要想成为仙界的精英，是要下一番苦功夫的。"",""遇到大唐弟子可千万别跟他们蛮干，切记。"",""为人间降雨是老夫的职责所在。""]"			
1119001	海夜叉	2072	1119	24	20	0		"[""海底奇幻神秘，地形复杂，可不要迷路了。"",""听巡逻虾兵说附近来了条小龙，不过好象鬼鬼祟祟的，莫非有什么企图不成？"",""这里很多虾兵蟹将，擅长近身攻击。"",""不习水性之人到此可要吃尽苦头了#18""]"			
1119002	超级巫医	3001	1119	37	31	0	CJWY				
1120001	风波神	2061	1120	35	15	1		"[""海底奇幻神秘，地形复杂，可不要迷路了。听巡逻虾兵说附近来了条小龙，不过看上去好象鬼鬼祟祟的，莫非有什么企图不成？"",""听巡逻虾兵说附近来了条小龙，不过看上去好象鬼鬼祟祟的，莫非有什么企图不成？"",""这里的怪物大部分使用法术攻击，可要注意了。"",""如果没在海底迷宫迷过路，那你的梦幻人生可真是不完整#86""]"			
1121001	虾兵	2062	1121	36	37	1	Transfer	"[""龙宫里藏有无数宝物，有缘的人才能得到。"",""海底地形复杂，千万可别迷了路。"",""依老夫推算，明日辰时布云，巳时发雷，午时下雨，未时雨足，共得水三尺三寸零四十八点。"",""那降雨的泾河龙王私改时辰，克扣雨量，犯了天条，真是死得其所啊！"",""八只脚，抬面鼓，两把剪刀鼓前舞，生来横行又霸道，嘴里常把泡沫吐。少侠猜猜是谁？"",""不想当龙虾的虾不是好虾#24""]"			
1514001	花果山土地	3070	1514	28	98	0	Transfer				
1514002	老马猴	3072	1514	37	45	1		"[""从傲来国向右上走可以到花果山，据说最近还有人见到齐天大圣呢。"",""从花果山可以下到龙宫，还可以传送到北俱芦洲。"",""从傲来国向左上走可以到女儿村，那里的孙婆婆正在招收门徒，不过只收人族女弟子哦#2"",""花果山的猴孙们见了我都得叫声爷爷。""]"			
1514003	侯医仙	3072	1514	133	78	1		"[""百合固金二地黄，玄参贝母桔甘藏。麦冬芍药当归配，喘咳痰血肺家伤。唉，跟你说这个你也不明白。"",""草药的功效要想发挥到及至，关键在于这用药之法。"",""有很多怪病奇毒只有仙家灵丹可以医治。"",""病魔一直是我们猴类最大的敌人，几亿年了都纠缠不清#47""]"			
1514004	马猴	3072	1514	100	5	1	Transfer				
1514005	美猴王	2090	1514	78	110	0		"[""天上的神仙都怕玉帝，俺偏不把那老家伙放在眼里。"",""我花果山水帘洞的景色如何？"",""当年十万天兵攻打花果山，也没有奈何得了我。"",""我就是五百年前大闹天宫的齐，齐，齐，齐，齐天大圣！！"",""若问老孙的手段，说出来教你魂飞魄散，死在眼前！"",""我不是神仙，谁是神仙？""]"			
1514006	老猕猴	3170	1514	145	106	1		"[""想当年齐天大圣在的时候，这里是多么热闹！"",""唉，现在这山上猴子都没几个了，不知道以后日子怎么过。"",""年纪大了，正好闲来无事帮大圣收养些仙灵异兽，也可发挥发挥余热。""]"			
1103001	美猴王	2090	1103	66	44	1		"[""天上的神仙都怕玉帝，俺偏不把那老家伙放在眼里。"",""我花果山水帘洞的景色如何？"",""当年十万天兵攻打花果山，也没有奈何得了我。"",""我就是五百年前大闹天宫的齐，齐，齐，齐，齐天大圣！！"",""若问老孙的手段，说出来教你魂飞魄散，死在眼前！"",""我不是神仙，谁是神仙？""]"			
1135001	接引道童	3044	1135	120	136	1	MPCACSR				
1135002	觉明	3045	1135	65	46	0		"[""这里就是灵台方寸山，斜月三星洞。"",""当年大闹天宫的齐天大圣就是在这里学艺的。"",""菩提祖师管教很严厉，如果拜在他的门下，可要严于律己。"",""金木水火土,急急如律令！""]"			
1135003	觉岸	3045	1135	111	124	3		"[""方寸山远离红尘，清净雅致，正适合修道炼丹。"",""方寸山以用符出名，方寸山的弟子人人都会画两手符。"",""修道贵在专心，一心向道才能学有所成。"",""由迷茫到觉悟的境界即是觉岸。可是苦海无边，哪里才是岸啊？"",""是谁在此喧哗？打扰了我的清修#4""]"			
1135004	灵儿	3028	1135	34	95	1		"[""听说菩提祖师在广招门徒，常有能人异士来拜师。"",""方寸山是菩提祖师的修道之所。"",""若不回头，为何不忘？若已无缘，何必誓言！"",""别离仿佛昨日，转眼却已经年。旧事依然，物是人非。""]"			
1137001	菩提祖师	3043	1137	45	26	1	Teacher	"[""难！难！难！道最玄，莫把金丹做等闲。不遇至人传妙诀，空言口困舌头干！"",""天地玄黄修道德，宇宙洪荒炼元神；虎龙啸聚风云鼎，乌兔周旋卯酉晨。"",""我方寸山的技艺只传授有缘之人"",""修行贵在用心领悟，切忌轻浮自满。"",""方寸何意，三星又何意，徒儿你可明白？"",""修习之路没有捷径，踏平坎坷方能成大道。""]"			
1142001	传送女使	3028	1142	21	125	0	MPCACSR				
1142002	柳飞絮	3061	1142	23	55	0		"[""这里的村长孙婆婆有一套技能，但是只传授给女弟子。"",""婆婆传授的法术是用来防身用的，可不是用来逞强的。"",""村子最近失踪了好几个姑娘，家里人都担心死了，特别是那个栗栗儿的娘，天天在村子附近找女儿，真是作孽啊。"",""青琉璃女侠是我的恩人，我一直在想着报答她。"",""雨花桥下的溪水，可真真是村里姑娘们的眼泪流成的。"",""别看女儿村弟子们英姿飒爽，但却都有一颗柔软的心。""]"			
1142003	翠花	3071	1142	75	45	0		"[""这里就是远近闻名的女儿村，拜师的话请找孙婆婆。"",""村子最近失踪了好几个姑娘，家里人都担心死了，特别是那个栗栗儿的娘，天天在村子附近找女儿，真是作孽啊。"",""这里的孙婆婆很和蔼的，弟子们有不明白的地方，她总是耐心教导。"",""鸳鸯双栖蝶双飞，满眼春色惹人醉。"",""长安城真的像姑娘们说得那样繁花似锦么？真想哪天去看一看。""]"			
1142004	栗栗娘	3020	1142	105	86	3		"[""最近村子里不太平啊,好多姑娘失踪，我女儿前天也不见了，真是急死了。"",""我的女儿是我唯一的依靠，我就盼着她能平平安安的生活，以后嫁个好人家。"",""女儿村的姑娘们个个生得俊俏，看着就让人喜爱啊！"",""女儿村的姑娘们个个能歌善舞，我家女儿也一定要好好学学。""]"			
1142005	绿儿	3029	1142	82	70	1		"[""我的意中人是个盖世英雄，他要陪我玩丢手绢，嗯，还要把他的糖糖分给我吃！"",""上次红线童子送了我个木偶，真好玩，不过只有一个是不是太孤独了。下次再叫他送我个，两个人就不孤独了。"",""你有什么新奇的玩具啊，绿儿一个人好无聊哦！"",""妈妈常训诫我说：“少壮不努力，老大徒伤悲。”""]"			
1143001	孙婆婆	3069	1143	17	15	0	Teacher	"[""前几天教了村里的姑娘们一套法术，不知道修习得如何了。"",""修习贵在心恒，专心如始方能有所领悟。"",""我女儿村的技能只适合女弟子学习。"",""也不知道有多少弟子掌握了制出淬毒暗器的秘法？"",""村里人口虽然不多，却个个都是貌美如花的绝世高手。""]"			
1091001	驿站老板	3307	1091	60	67	0	Transfer				
1091002	西牛贺洲土地	3070	1091	96	12	1	Transfer				
1091003	天将	3063	1091	21	58	1	Transfer				
1091004	鬼谷道士	3045	1091	182	14	1					
1091005	铁扇公主	2015	1091	180	60	1		"[""想起那骚狐狸就有气，心都静不下来修炼。"",""不知老牛何时才会回心转意再来芭蕉洞找我。"",""你也是来求我降雨的吗，东西带来了吗？没供奉我可不会白白降雨。"",""女人当自强，小三小四扇出墙！"",""正宫娘娘不好当啊！忙里忙外忙孩子，现在还要管扇风降雨，我真的好累…"",""难道说每个男人心中，都有一个狐狸精？""]"			
1091006	路人甲	2046	1091	44	130	0		"[""运气到了真是挡都挡不住，居然天上掉金子到我面前。"",""看到借条，想起欠钱不还的张三，这才是睹物思人的最高境界。"",""平顶山上到底埋藏着什么宝贝？#89"",""自打朱紫国驿站开通以来，经由郊外去境外的人越来越少了#15""]"			
1091007	驼背大鼋	2107	1091	88	83	1		"[""谁能帮忙问问佛祖，我的阳寿究竟还有几年#52"",""我长得美吗#17若想养一只，那就去蓬莱仙岛碰碰运气吧#18"",""好多天没有人从这里经过了，难道我今天的午饭是清水煮野菜#3"",""大鼋不过是我的表面形象，我真实的身份是一个金鱼精#18""]"			
1174001	北俱芦洲土地	3070	1174	195	105	1	Transfer				
1174002	地遁鬼	2001	1174	195	5	0	Transfer				
1174003	驿站老板	3307	1174	47	119	0	Transfer				
1174004	北俱商人	3009	1174	168	39	1					
1174005	北俱货商	3004	1174	161	118	1					
1174006	江湖奸商	3027	1174	106	110	1		"[""我这里的商品琳琅满目应有尽有，年轻人想要什么尽管开口。"",""作买卖要讲究“变通”，眼明手快，商场如战场，时机不等人啊。"",""如今梦幻做什么最赚钱？当然是到社区炒房了！我看呐，傲来新开发的海景宅子不错，我得去看看#96""]"			
1174007	龙女妹妹	2024	1174	133	98	1		"[""这里终年冰封，寸草不生。"",""这里的龙窟凤巢是升级的好地方，但是没有些本事可千万不要去冒险，最好找些同伴一起去。"",""北俱一年四季都在下雪。"",""这里到处是冰天雪地，没有人家的。"",""冰是睡着的水。这厚厚冰层之下的水，连接着父王的水晶宫。"",""若是没有真本事，还是不要去惹恼这里的翻天怪。""]"			
1174008	雷鸟精	2023	1174	67	140	1		"[""北风那个吹～诶～诶～诶，雪花那个飘～嗷～嗷～嗷……"",""这里终年冰封，怪物横行，好象我也属于你们所说的怪物之一#76。封妖是有等级限制的，北俱的妖必须等级≥80才允许封杀。"",""我身后就是传说中的---凤巢#51里面的怪物比较凶猛，等级不到60进去的话比较危险，最好多找几个同伴一起进去探险。"",""这里的驿站老板可以传送回长安，土地公公可以送你去花果山，地遁鬼会送你到西牛贺洲。龙窟门口的召唤兽医生可以治疗你的召唤兽。""]"			
1174009	莽汉	2045	1174	34	30	1		"[""这里终年冰封，寸草不生。"",""北俱一年四季都被白雪覆盖。"",""北俱芦洲有龙窟凤巢，是江湖探险者的好去处。"",""方圆几百里内没有人家，倒是常有不少凶猛的野兽出没。"",""什么？你问我在这里干什么? 就不告诉你#99""]"			
1174010	青琉璃	2067	1174	204	133	2		"[""行走江湖这么久，哪里才是我的栖身之所呢……"",""北俱芦洲的风雪千年不变，这块冰封的大陆上也有无数宝藏。"",""为什么，为什么我总感觉冥冥之中有几个声音在耳边，而那声音又那么象我自己？"",""少侠你打南边来，可曾见到翻天怪的行踪？""]"			
1174011	翻天怪	2074	1174	135	35	0		"[""哼，那小丫头也不掂一下自己有几斤几两就想来收服我，这下知道我的厉害了吧，哈哈哈哈#18"",""好久没出去走动了，等会去龙窟找龙神聊天去。"",""北俱芦洲是个探险的好地方，上面的凤巢和边上的龙窟都是升级练功的好去处。"",""不到黄河不知河之远，不来北俱不知天之寒。真冷啊！""]"			
1174012	白熊怪	2040	1174	186	82	1		"[""北俱芦洲是个探险的好地方，上面的凤巢和边上的龙窟都是升级练功的好去处。"",""刚刚看青琉璃姑娘跑了上去，好象还受了点伤。"",""翻天怪真可恶，居然敢打伤可爱的青琉璃姑娘，我一定要去教训教训他#54"",""好久没有吃到鱼了，这儿哪能捕到鱼啊#52""]"			
1174013	超级巫医	3001	1174	21	59	0	CJWY				
1174014	传送女娲	2087	1174	14	156	0					
1070001	太白金星	3051	1070	53	18	0		"[""你是哪里来的小家伙，别乱跑，这里可是天宫。孙悟空当年大闹天宫最后还不是被压在五行山下。"",""诗经里说的“东有启明，西有长庚”，其实讲的都是我。"",""书上说老夫我会带来杀戮之事，可你看这一大把白胡子，要打仗也轮不到我啊！#17"",""是谁说太白金星是会弹琵琶的女神仙的#4 站出来！""]"			
1070002	毛驴张	3025	1070	81	129	1		"[""长寿村远近闻名，人杰地灵。"",""今天真是运气好，居然拣到把鞭子，还挺沉的，赶驴子正好使。"",""在长寿村，是不允许倒骑毛驴的。"",""偷偷告诉少侠一个秘密，凤凰姑娘可是仙女下凡呐！""]"			
1070003	超级巫医	3001	1070	124	114	0	CJWY				
1070004	钟书生	3022	1070	45	155	2		"[""前几天真是把我吓坏了，就听“轰”的一声，天上掉下个鞭子，差一点砸到我身上。"",""“百无一用是书生”，那是市井粗人的调侃之词。"",""人生不相见，动如参与商。今夕是何夕，共此灯烛光？"",""每日总见那许姑娘在河边顾影自怜，真想替她解开这心结。"",""三更灯火五更鸡，正是男儿读书时。""]"			
1070005	慧觉和尚	3049	1070	136	67	0		"[""这碧绿色的小石块到底是什么呢？不像金属也不象玉。"",""长寿村风景秀丽，是修身养性的好地方。"",""心净则佛土净，心清则万事清。"",""风亦不动，树亦不动，乃汝心动也。"",""知错能改，善莫大焉，不要纠结于一时的得失。""]"			
1070006	海老先生	3030	1070	101	38	1		"[""前些天从天下掉下个东西，好象把慧觉和尚的头砸了个包，他还真是福大命大，要是砸在我老头子身上我可受不了。"",""前几天村里赶毛驴的老张好象拣了根铁鞭子，他还拿着到处炫耀呢。"",""年轻人要心胸宽广，乐观豁达才有益健康。"",""常言说得好：有志不在年高，无志空长百岁。做人可是一定要有志向啊！"",""饭后走一走，活到九十九。平日里没事我就到处转转，这长寿村的一草一木我都是如数家珍。""]"			
1070007	凤凰姑娘	3061	1070	24	106	1		"[""长寿村风景秀丽，民风淳朴，是难得的休闲之所。"",""任务链领取的NPC就在长寿村左下，叫做陆萧然。"",""长寿村山清水秀，是钓鱼休闲的好地方。"",""神仙打架，凡人遭殃。我早就厌倦了天上的明争暗斗了。""]"			
1070008	蝴蝶女	2011	1070	50	135	1		"[""长寿村远近闻名，是一处不可多得的世外桃源。"",""北面上去就是方寸山，那里是菩提祖师的修道之所。"",""据说方寸山的菩提祖师正在招收门徒，男女不限哦#2，不过只招收人族的弟子。"",""我家妹妹在傲来国，好久不常走动，姐妹俩都生分了#14""]"			
1070009	许大娘	3006	1070	80	65	1		"[""长寿村远近闻名，人杰地灵。"",""有人最近在村里见到两个仙风道骨的老人家，有一个好象是寿星，这下我们村可出名啦，连寿星都来过。"",""我那女儿都19岁了还没找个人家，我看村里那个钟书生挺上进的，就是不知道女儿对他有没有意思。"",""眼看就要七夕了，得到布店扯几匹绸缎给咱闺女做件好看的衣裳！""]"			
1070010	钱老板	3026	1070	136	84	0		"[""生意越来越难做了，客商都精明得很。行情看好的时候死命杀价，一有转势就囤积居奇，都想趁机捞油水。"",""做买卖要讲究“变通”，眼明手快，商场如战场，时机不等人啊。"",""生意要做就做大，卖个针头啊线脑的，能赚几个钱？"",""要想买到真正的古董，一定要像我这样练就一双火眼金睛#18""]"			
1070011	许姑娘	3028	1070	78	172	0		"[""长寿村远近闻名，人杰地灵。"",""北面上去就是方寸山，听说菩提祖师就住在那里。"",""他口中的人间仙境，可是说的这里？"",""逝者如斯夫，何日君再来？""]"			
1070012	南极仙翁	3055	1070	110	189	0		"[""年轻人只要虚心好学，多加历练，终有一天会有所成就的。"",""长寿村是修身养性的好地方啊。"",""向上走就是方寸山了，听说菩提祖师正在招收门徒。"",""我的白鹿哪里去了#55"",""养生无术是有术，长寿无道是有道。""]"			
1070013	陆萧然	3008	1070	16	22	0					
1070014	长寿商人	3004	1070	141	49	0					
1070015	长寿货商	3001	1070	87	21	0					
1070016	长寿特产商人	3005	1070	143	115	1					
1070017	长寿珍品商人	3017	1070	111	53	1					
1070018	虬髯客	3011	1070	109	123	1					
1070019	强行PK申请人	3011	1070	60	91	2					
1070020	马婆婆	3040	1070	43	71	1					
1078001	鲁成	3112	1078	15	12	0					
1072001	当铺老板	3005	1072	19	12	1		"[""客官有什么放不下的东西，就当在这里好了，比如衣服啊帽子啊珍珠翡翠月光宝盒什么的。典当和赎回的价格可不一样哦#2"",""什么是当当当当当？就是当你要当东西的时候当然要当给我,典当和赎回的价格可不一样哦#2"",""手头紧的话，可以把东西先当在这里换点银子。典当和赎回的价格可不一样哦#2"",""东当铺，西当铺，东西当铺当东西，少侠可要记得常来查看你在此典当之物#43"",""现在的小偷非常狡猾，常在情急之下将赃物在此典当。少侠若是被盗，可要记得先来此查看！""]"			
1075001	酒楼老板	3013	1075	10	9	0	JDLB	"[""我们店里的酒是天下一品，连皇上喝过都赞不绝口！"",""客官里面请，小店好酒好菜名厨掌勺，包您满意！"",""小店有干净舒适的厢房，正适合客官您好好休息。"",""我的店里有好酒，保准让客官饮后忘却一切烦恼！"",""最近西域传来一些奇珍异馐，像什么红罗羹、绿萝羹，那叫一个美味#89""]"			
1077001	药店老板	3002	1077	14	10	1		"[""长寿村是有名的仙家宝地，出产的草药可都是上品哦。"",""客官需要什么药，治病的灵药，强身的补药，小店都有。"",""草药是救命用的，可不能乱吃。"",""要想人长寿，多吃青菜少吃肉。"",""若是生了病，三分靠吃药，七分靠调理啊。""]"			
1079001	茶小二	3021	1079	21	10	0		"[""这位朋友远道而来，坐下泡壶茶歇歇脚吧。"",""天气热了，来杯清茶解解渴吧。"",""小店最出名的，就数云雾茶了，用上等山泉水泡制的，客官想不想尝尝？"",""茶水喝足，百病可除。这可正是长寿村延年益寿的秘诀啊！"",""坐，请坐，请上坐；茶，上茶，上香茶。""]"			
1079002	茶客	3022	1079	25	9	1		"[""一杯香茶清心提神，什么俗事烦恼，尘世浮华，也都忘却了。"",""茶有各色茶，水有多样水，要有好茶好水味道才美。"",""长寿村风景秀丽，清静雅致，的确是个闲休的好地方。"",""花杯茗碗无须酒，一缕茶香亦醉人。"",""小二泡的茶有一种味道叫做家，村长泡的茶听说名和利都不拿#42"",""好茶不怕细品，好事不怕细论。 ""]"			
1080001	长寿村村长	3030	1080	11	14	0		"[""长寿村人杰地灵，是个修身养性的好地方。最近有人看到寿星南极仙翁经常在村里出现，好象在寻找什么东西，难道是落了什么宝贝在我们这#55"",""这里是远近闻名的长寿村，任务链的领取地点在长寿村，找村子左下的“陆萧然”领取。"",""村子北面就是方寸山，那里是菩提祖师的修道之所。向南出了村可以找驿站老板传送至北俱，土地公公能送你到大唐境外，天将能接你上天庭。不过他们3个可不站在一起，自己出村去找找吧#18""]"			
1081001	钱庄老板	3004	1081	22	13	0		"[""银两带在身上会有强盗打劫，还是存在钱庄里保险。身上携带的金钱以及钱庄所存银两上限与人物等级有着密切的关联。等级越高，能携带及存入的金钱数就越高。如果在线时携带的金钱数或者钱庄的存款数量超过等级限制，下线后会被系统扣除的哦#2"",""存钱无息，但是可以保值嘛。如果在线时携带的金钱数或者钱庄的存款数量超过等级限制，下线后会被系统扣除的哦#2"",""现在有钱的人越来越多了。如果在线时携带的金钱数或者钱庄的存款数量超过等级限制，下线后会被系统扣除的哦#2"",""钱乃身外之物。多余的银两放我这里就对了，我们为您提供了多种存取方式！"",""本钱庄是连锁经营，为给各位寻个方便，在建邺城、傲来国和长寿村还各设有一家分店。不同的地点，为你提供同样优质的服务！#39""]"			
1083001	裁缝张	3010	1083	23	7	0		"[""三分长相，七分打扮，挑件合身的衣服吧。店里的张裁缝可以让你提高裁缝熟练度。"",""这里各色绸缎一应俱全，肯定有你想要的。只有大唐官府的玩家才能学会鉴定衣服的技能，而项链鞋子腰带的鉴定技能只有地府的玩家才能学。"",""本店的服饰选用的都是上等丝绸布匹，做工细致，包您满意。"",""人靠衣装马靠鞍，本店为您提供各式新款服装，就算不买也来看看吧。"",""要自己做衣服请到那边的裁缝台吧，只收取您少量的加工费。""]"			
1085001	武器店老板	3003	1085	14	10	0		"[""客官想要什么兵器？"",""行走江湖不能两手空空，来挑一件趁手的兵器吧。"",""这里的风景还不错吧。"",""少侠是来选购兵器的吧？请慢慢挑选，务必看清楚名称哦！""]"			
1087001	杂货店老板	3001	1087	26	12	1		"[""日常百货，应有尽有，随便挑几样吧。"",""本店经营各式杂货，什么桃花兰花摄妖香，应有尽有。您随便挑。"",""外面的家具市场真是人山人海，摩肩接踵。少侠就算不买东西，也可进来本店休憩片刻，寻个清净。#40"",""老夫做的是小本买卖，只求薄利多销，便民利民。"",""做连锁果然压力不小，不过全长安就咱的铺子最热闹。""]"			
1092001	驿站老板	3307	1092	171	14	1	Transfer				
1092002	驿站老板	3307	1092	57	96	0	Transfer				
1092003	傲来珍品商人	3017	1092	55	118	1					
1092004	超级巫医	3001	1092	44	28	1	CJWY				
1092005	九头精怪	2089	1092	35	89	0					
1092006	金毛猿	3072	1092	193	131	0		"[""从傲来国向右上走可以到花果山，据说最近还有人见到齐天大圣呢。"",""从傲来国向左上走可以到女儿村，那里的孙婆婆正在招收门徒，不过只收女弟子哦#2"",""海边的驿站老板可以送你到东海湾，布庄附近的驿站老板则可以送你回长安。"",""傲来境内风景秀丽，物产丰富，是一处人间仙境。"",""在傲来国海边转转，兴许能找到前往传说中的蓬莱仙岛的路#97""]"			
1092007	红毛猿	3072	1092	45	98	0		"[""从傲来国向右上走可以到花果山，据说最近还有人见到齐天大圣呢。"",""从傲来国向左上走可以到女儿村，那里的孙婆婆正在招收门徒，不过只收女弟子哦#2"",""从花果山可以下到龙宫，还可以传送到北俱芦洲。"",""花果山中无老虎，猴子也敢称霸王。真是此一时，彼一时啊！""]"			
1092008	蝴蝶妹妹	2011	1092	60	54	0					
1092009	傲来商人	3001	1092	183	105	0					
1092010	傲来货商	3004	1092	94	107	1					
1092011	傲来特产商人	3009	1092	48	33	0					
1092012	仙岛引路使	3044	1092	22	98	1					
1092013	偷偷怪	2001	1092	127	120	1					
1093001	王福来	3013	1093	18	15	0		"[""我们店里的酒是天下一品，连皇上喝过都赞不绝口！"",""客官里面请，小店好酒好菜名厨掌勺，包您满意！"",""小店有干净舒适的厢房，正适合客官您好好休息。"",""我的店里有好酒，保准让客官饮后忘却一切烦恼！"",""最近西域传来一些奇珍异馐，像什么红罗羹、绿萝羹，那叫一个美味#89""]"			
1093002	慕容先生	3008	1093	43	19	0		"[""这位朋友是来品茶的吗？"",""我这里有上好的龙井茶，你想不想尝尝？"",""这位朋友喜欢红茶，绿茶，还是乌龙茶？"",""这里就是东胜神洲傲来国了，听说齐天大圣就住在附近。"",""春茶苦，夏茶涩，品茶当品秋白露。"",""夏季宜饮绿，冬季宜饮红，春秋两季宜饮花，此乃养生之道也。"",""识人如同品茶，观色闻香尚不够，还需切身细细体会和感受。""]"			
1094001	当铺老板	3005	1094	31	8	1		"[""客官有什么放不下的东西，就当在这里好了，比如衣服啊帽子啊珍珠翡翠月光宝盒什么的。典当和赎回的价格可不一样哦#2"",""什么是当当当当当？就是当你要当东西的时候当然要当给我,典当和赎回的价格可不一样哦#2"",""手头紧的话，可以把东西先当在这里换点银子。典当和赎回的价格可不一样哦#2"",""东当铺，西当铺，东西当铺当东西，少侠可要记得常来查看你在此典当之物#43"",""现在的小偷非常狡猾，常在情急之下将赃物在此典当。少侠若是被盗，可要记得先来此查看！""]"			
1095001	牛师傅	3010	1095	15	16	0		"[""三分长相，七分打扮，挑件合身的衣服吧。店里的张裁缝可以让你提高裁缝熟练度。"",""这里各色绸缎一应俱全，肯定有你想要的。只有大唐官府的玩家才能学会鉴定衣服的技能，而项链鞋子腰带的鉴定技能只有地府的玩家才能学。"",""本店的服饰选用的都是上等丝绸布匹，做工细致，包您满意。"",""人靠衣装马靠鞍，本店为您提供各式新款服装，就算不买也来看看吧。"",""要自己做衣服请到那边的裁缝台吧，只收取您少量的加工费。""]"			
1098001	老张头	3025	1098	25	11	0		"[""气候暖和，雨水充足，庄稼也长得壮实。"",""从傲来国向右上走可以到花果山，据说最近还有人见到齐天大圣呢。"",""从傲来国向左上走可以到女儿村，那里的孙婆婆正在招收门徒，不过只收女弟子哦#2"",""海边的驿站老板可以送你到东海湾，布庄附近的驿站老板则可以送你回长安。"",""屋里的灶头还点着火在做饭呢，可是老太婆不知道跑哪里去了#14""]"			
1099001	袁财主	3004	1099	17	18	0					
1100001	小紫	3028	1100	28	17	3		"[""从傲来国向右上走可以到花果山，据说最近还有人见到齐天大圣呢。"",""傲来境内风景秀丽，物产丰富。"",""从傲来国向左上走可以到女儿村，那里的孙婆婆正在招收门徒，不过只收女弟子哦#2"",""我是来这里祈求娘娘保佑傲来国风调雨顺的。""]"			
1101001	杜天	3011	1101	11	14	0		"[""客官想要什么兵器？"",""行走江湖不能两手空空，来挑一件趁手的兵器吧。"",""这里的风景还不错吧。"",""少侠是来选购兵器的吧？请慢慢挑选，务必看清楚名称哦！""]"			
1104001	沈妙衣	3002	1104	13	15	1		"[""拉肚子，选好药，选药也要有诀窍。药有等级之分，不同的等级在道具栏内能叠加的数量也不一样。"",""得了病要对症下药，可不能乱吃。药有等级之分，不同的等级在道具栏内能叠加的数量也不一样。"",""客官需要什么药，治病的灵药，强身的补药，小店都有。药有等级之分，不同的等级在道具栏内能叠加的数量也不一样。"",""方圆几十里的百姓抓药都要来我这里。药有等级之分，不同的等级在道具栏内能叠加的数量也不一样。"",""良药苦口利于病，若是本店没有客官所需之药，您还可前去别的城市药店查看。"",""是药三分毒，身体有恙，不可不吃药，也不可乱吃，一定要对症下药，方能药到病除。""]"			
1105001	杂货店老板	3001	1105	18	15	0		"[""日常百货，应有尽有，随便挑几样吧。"",""本店经营各式杂货，什么桃花兰花摄妖香，应有尽有。您随便挑。"",""外面的家具市场真是人山人海，摩肩接踵。少侠就算不买东西，也可进来本店休憩片刻，寻个清净。#40"",""老夫做的是小本买卖，只求薄利多销，便民利民。"",""做连锁果然压力不小，不过全长安就咱的铺子最热闹。""]"			
1107001	文老伯	3024	1107	15	14	1		"[""听说附近有座仙山，名叫“花果山”，山上住着齐天大圣。"",""傲来国地域广阔，物产丰富。"",""最近天干地旱，老天爷能不能多降点雨啊#52"",""社区建设如火如荼，我还得再坚持几年。""]"			
14	小白龙	3164		54	38	1		"[""和万圣公主成亲虽然是父母之命，但她无论如何也是个名门闺秀，竟然如此不守妇道，丢尽了我的脸面。"",""父王说，我出生那年，海上连降了九天的暴雨，我天生就不是一条平凡的龙。"",""唉，我所受的冤屈比大海还深！"",""我坚信我的冤屈很快就会得以洗刷。因为，俺爹是敖广！""]"			
	血之魅							"[""四百年了，是什么把我从永恒的沉睡中唤醒"",""血，我需要血，我已经有几百年没有进食了。"",""大梦初醒，我们要继续祸害天下了，哈哈哈！""]"			
	森之魅							"[""塔里的封印的力量似乎大大减弱了，终于可以离开这里了。"",""在这塔里待了近千年，身体都发霉了。"",""大梦初醒，我们要继续祸害天下了，哈哈哈！""]"			
	梦之魅							"[""千年如一梦……醒来的时候，什么都改变了。"",""这大雁塔里的阴森之气很重，正适合在这里修炼。"",""大梦初醒，我们要继续祸害天下了，哈哈哈！""]"			
	奔波儿灞							"[""我就是碧波潭探路先锋奔波儿灞。"",""我有个兄弟叫灞波儿奔，我们兄弟两的名字是不是很配？"",""自从大王取了宝贝走，我就被调到这里来观察塔里的动静。"",""我们万圣龙王有个女儿唤作万圣公主，花容月貌，有二十分人才#97"",""别看我长得像蛤蟆，实际上我是条鲇鱼#17""]"			
	镇塔之神							"[""大雁塔镇压了十万妖魔，镇塔的任务真是艰巨啊。"",""不知道小白龙现在怎么样了，真是为他担心啊。"",""最近镇塔之宝莫名其妙的丢失，塔中的几个厉害的妖魔已经开始蠢蠢欲动了。"",""大雁塔诗曰：塔势如涌出，孤高耸天宫。登临出世界，磴道盘虚空。突兀压神州，峥嵘如鬼工。四角碍白日，七层摩苍穹。下窥指高鸟，俯听闻惊风。"",""在此镇守多年，能见到一个活人，真是让人感动#52"",""从那边的窗口望出去，整个长安城一览无余。可繁华是他们的，寂寞是我的……""]"			
	龙神							"[""龙窟收藏的宝贝数不胜数，能不能找到就要看你的机缘了。"",""其实，我身上带着的五龙丹，也是这里的宝贝之一哦#2"",""我在这里修炼了几千年，从来没见过有人找到过埋藏在这里的宝藏。"",""据说龙窟的深处藏有秘宝，可是我从来没有见过。""]"			
	恶龙							"[""你是何人，也是想来龙窟寻宝的吗？"",""恶风阵阵，躲在这里一定很安全。"",""你可是来送死？""]"			
	青灵玄女							"[""龙窟地形复杂，靠近荒凉的北俱，这些年没有什么人来这里。"",""龙窟里宝贝很多，其实我是边修炼边找宝贝。"",""这珠子看起来很不错的样子，不知道有什么用处。"",""哈哈，真是皇天不负有心人，终于被我找到了个宝贝。"",""此地喧闹一时，如今一切又归于平静。"",""除了龙神，没有人知道我的身世。""]"			
	奸商							"[""做奸商需要理由吗？不需要吗？需要吗？"",""倒买倒卖是我的拿手好戏。#18""]"			
	辛发明							"[""都说灵气旺盛之地能够激发人的智慧，这凤巢可是个风水宝地啊。"",""别打搅我，我刚刚有了一点灵感。"",""你愿意尝试一下我的发明吗？"",""自古以来，伟大的发明家都是孤单的。"",""凤巢之路七曲八拐，少侠此去可要多些耐心#40""]"			
	无心							"[""如是我闻。一时佛住王舍城耆阇崛山中。与大比丘众万二千人俱。皆是阿罗汉。"",""真是老了，怎么想都想不起是在哪里把珠子遗失的，难道是在龙窟？不对，莫非是在北俱冰原？也不是啊……"",""施主可曾见过一颗蓝色的宝珠么，那可是件难得的至宝啊。"",""菜若无心会怎样，人若无心又会怎样？"",""和尚念经，有口无心。""]"			
	水中仙							"[""宇宙万物，都由木、火、土、金、水五种基本物质的运动和变化所构成。少侠如有兴趣，可到长安袁天罡之徒处了解五行之道。""]"			
	木中仙							"[""宇宙万物，都由木、火、土、金、水五种基本物质的运动和变化所构成。少侠如有兴趣，可到长安袁天罡之徒处了解五行之道。""]"			
	土中仙							"[""宇宙万物，都由木、火、土、金、水五种基本物质的运动和变化所构成。少侠如有兴趣，可到长安袁天罡之徒处了解五行之道。""]"			